source_system,sap_material_code,part_number,asset_type,manufacturer,serial_number,rfid,quantity,uom,project_id,project_name,client_cnpj,ownership,sap_depot_code,sap_depot_name,site,location_type,physical_address,technician_id,technician_name,technician_city,technician_state,status,nf_number,nf_date,sap_document,sap_posting_date,tiflux_ticket_id,last_inventory_count_date,notes
SAP_EXPORT_SIMULADO,MAT-948749,SW-CISCO-9200,SWITCH,Cisco,0IFD0TVBDIVU,,1,UN,FAISTON,Stock Faiston (Sem Projeto),,FAISTON,01,Barueri - Recebimento,BARUERI,CD,Barueri/SP - Centro Logístico (280),,,,,DESCARTE,781453,2024-10-31,5236696312,2024-10-01,,2025-10-08,Dado simulado para importação inicial (SGA 2.0)
SAP_EXPORT_SIMULADO,MAT-910620,AP-CISCO-R640,ACCESS_POINT,Cisco,8MDD4V30T9NT,,1,UN,EVOTEC,Evotech,04.123.456/0001-10,CLIENTE,07,Barueri - Descarte,BARUERI,CD,Barueri/SP - Centro Logístico (280),,,,,DESCARTE,705397,2025-06-21,5756528252,2025-10-24,187467,2025-12-09,Dado simulado para importação inicial (SGA 2.0)
SAP_EXPORT_SIMULADO,MAT-944151,RT-JUNIPER-DL380,ROUTER,Juniper,WNNHJ7XVG0FN,,1,UN,TRAGUE,Trague,12.345.678/0001-90,FAISTON,33,Base Técnica - Rio,RIO_DE_JANEIRO,BASE_TECNICA,Rio de Janeiro/RJ - Base Técnica,,,,,DESCARTE,817870,2025-02-05,5905005353,2025-11-07,181051,2025-11-10,Dado simulado para importação inicial (SGA 2.0)
SAP_EXPORT_SIMULADO,MAT-260265,HD-SAMSUNG-AP535,DISK,Samsung,HR5XFF0T0PVN,,1,UN,SUPMAN,Suporte & Manutenção,00.111.222/0001-33,FAISTON,31,Base Técnica - Curitiba,CURITIBA,BASE_TECNICA,Curitiba/PR - Base Técnica,,,,,RESERVADO,634277,2024-08-16,5097613238,2025-11-16,,2025-12-18,Dado simulado para importação inicial (SGA 2.0)
SAP_EXPORT_SIMULADO,MAT-412942,SV-LENOVO-870EVO,SERVER,Lenovo,T84AZYTJXEPQ,,1,UN,TRAGUE,Trague,12.345.678/0001-90,CLIENTE,33,Base Técnica - Rio,RIO_DE_JANEIRO,BASE_TECNICA,Rio de Janeiro/RJ - Base Técnica,,,,,DESCARTE,624902,2025-07-05,5545119047,2025-09-17,,2025-09-30,Dado simulado para importação inicial (SGA 2.0)
SAP_EXPORT_SIMULADO,MAT-543692,NB-HP-AP-305,NOTEBOOK,Hp,7VREN93IIUC0,,1,UN,NTT,NTT Data,03.684.740/0001-69,FAISTON,41,Técnico - Estoque Avançado,FIELD,TECNICO,Curitiba/PR - Técnico,TEC-0012,Marcos,Curitiba,PR,EM_ESTOQUE,791798,2024-09-04,5590347116,2025-07-18,199876,2025-07-11,Dado simulado para importação inicial (SGA 2.0)
SAP_EXPORT_SIMULADO,MAT-324643,HD-SAMSUNG-AP515,DISK,Samsung,OYN6QICATVAZ,,2,UN,NTT,NTT Data,03.684.740/0001-69,CLIENTE,20,Self Storage,SELF_STORAGE,SELF_STORAGE,Self Storage - Barueri/SP,,,,,EM_ESTOQUE,174299,2024-07-26,5255555531,2025-03-24,,2025-08-10,Dado simulado para importação inicial (SGA 2.0)
SAP_EXPORT_SIMULADO,MAT-246991,SV-DELL-ProBook-450,SERVER,Dell,23GDPPQ0Y9DO,,1,UN,SUPMAN,Suporte & Manutenção,00.111.222/0001-33,FAISTON,07,Barueri - Descarte,BARUERI,CD,Barueri/SP - Centro Logístico (280),,,,,DESCARTE,939482,2025-09-14,5266992705,2025-06-21,194700,2025-11-01,Dado simulado para importação inicial (SGA 2.0)
SAP_EXPORT_SIMULADO,MAT-865990,SV-DELL-WD10,SERVER,Dell,DXTAD1IOR56F,,1,UN,ARCDOU,Arcos Dourados,42.591.651/0001-43,CLIENTE,41,Técnico - Estoque Avançado,FIELD,TECNICO,Brasília/DF - Técnico,TEC-0021,Ana,Brasília,DF,EM_ESTOQUE,922157,2024-09-25,5306284028,2024-10-27,,2025-11-09,Dado simulado para importação inicial (SGA 2.0)
SAP_EXPORT_SIMULADO,MAT-692683,NB-LENOVO-870EVO,NOTEBOOK,Lenovo,CLBR7TCS4CC5,,1,UN,ARCDOU,Arcos Dourados,42.591.651/0001-43,FAISTON,41,Técnico - Estoque Avançado,FIELD,TECNICO,São Luís/MA - Técnico,TEC-0040,Rafaela,São Luís,MA,EM_REVERSA,358175,2025-11-24,5665055833,2025-10-12,199125,2025-11-12,Dado simulado para importação inicial (SGA 2.0)
SAP_EXPORT_SIMULADO,MAT-837715,HD-SAMSUNG-R640,DISK,Samsung,IOYKL1CQ99CH,,1,UN,FAISTON,Stock Faiston (Sem Projeto),,FAISTON,31,Base Técnica - Curitiba,CURITIBA,BASE_TECNICA,Curitiba/PR - Base Técnica,,,,,EM_TRANSITO,172132,2025-04-28,5396776692,2025-03-18,197800,2025-07-20,Dado simulado para importação inicial (SGA 2.0)
SAP_EXPORT_SIMULADO,MAT-969634,SW-CISCO-RB4011,SWITCH,Cisco,KX7EEDTJVZHW,E20076275400895851138788,1,UN,SUPMAN,Suporte & Manutenção,00.111.222/0001-33,FAISTON,41,Técnico - Estoque Avançado,FIELD,TECNICO,São Luís/MA - Técnico,TEC-0040,Rafaela,São Luís,MA,EM_TRANSITO,612262,2025-04-21,5972097649,2025-11-12,193879,2025-11-11,Dado simulado para importação inicial (SGA 2.0)
SAP_EXPORT_SIMULADO,MAT-501124,AP-ARUBA-9300,ACCESS_POINT,Aruba,MU5907IF2GOG,,1,UN,FAISTON,Stock Faiston (Sem Projeto),,FAISTON,03,Barueri - Estoque Operacional,BARUERI,CD,Barueri/SP - Centro Logístico (280),,,,,EM_TRANSITO,920391,2024-11-08,5861393416,2025-04-24,183542,2025-09-08,Dado simulado para importação inicial (SGA 2.0)
SAP_EXPORT_SIMULADO,MAT-462479,RT-JUNIPER-DL380,ROUTER,Juniper,IXOKC1MSY4LA,,1,UN,EVOTEC,Evotech,04.123.456/0001-10,FAISTON,07,Barueri - Descarte,BARUERI,CD,Barueri/SP - Centro Logístico (280),,,,,DESCARTE,708792,2025-04-07,5041078352,2025-09-14,,2025-08-26,Dado simulado para importação inicial (SGA 2.0)
SAP_EXPORT_SIMULADO,MAT-442027,SV-LENOVO-Latitude-5440,SERVER,Lenovo,JZA7TZ0YNCXL,,1,UN,ARCDOU,Arcos Dourados,42.591.651/0001-43,FAISTON,07,Barueri - Descarte,BARUERI,CD,Barueri/SP - Centro Logístico (280),,,,,DESCARTE,854717,2025-03-02,5544518647,2025-02-21,,2025-12-02,Dado simulado para importação inicial (SGA 2.0)
SAP_EXPORT_SIMULADO,MAT-197923,SV-LENOVO-MX204,SERVER,Lenovo,Y6WKTAKPUXQP,,1,UN,NTT,NTT Data,03.684.740/0001-69,CLIENTE,32,Base Técnica - Brasília,BRASILIA,BASE_TECNICA,Brasília/DF - Base Técnica,,,,,RESERVADO,932291,2025-07-14,5707435606,2025-10-09,190983,2025-11-14,Dado simulado para importação inicial (SGA 2.0)
SAP_EXPORT_SIMULADO,MAT-684482,SW-CISCO-MX204,SWITCH,Cisco,IR4COWGZRIXA,,1,UN,NTT,NTT Data,03.684.740/0001-69,CLIENTE,01,Barueri - Recebimento,BARUERI,CD,Barueri/SP - Centro Logístico (280),,,,,EM_ESTOQUE,329471,2025-07-07,5863406382,2024-07-22,,2025-09-07,Dado simulado para importação inicial (SGA 2.0)
SAP_EXPORT_SIMULADO,MAT-848206,NB-DELL-R640,NOTEBOOK,Dell,V86WZS3T60RJ,,1,UN,FAISTON,Stock Faiston (Sem Projeto),,FAISTON,41,Técnico - Estoque Avançado,FIELD,TECNICO,Vila Velha/ES - Técnico,TEC-0055,Diego,Vila Velha,ES,RESERVADO,390782,2024-07-19,5520332086,2025-05-04,182538,2025-10-14,Dado simulado para importação inicial (SGA 2.0)
SAP_EXPORT_SIMULADO,MAT-994905,SW-JUNIPER-ProBook-450,SWITCH,Juniper,FNFHOLQC3O18,,1,UN,SUPMAN,Suporte & Manutenção,00.111.222/0001-33,FAISTON,05,Barueri - BAD/Retorno,BARUERI,CD,Barueri/SP - Centro Logístico (280),,,,,BAD,600149,2025-12-28,5377698143,2025-03-04,,2025-08-17,Dado simulado para importação inicial (SGA 2.0)
SAP_EXPORT_SIMULADO,MAT-290556,AP-ARUBA-9300,ACCESS_POINT,Aruba,HPBMYOFQEWAO,,1,UN,SUPMAN,Suporte & Manutenção,00.111.222/0001-33,FAISTON,33,Base Técnica - Rio,RIO_DE_JANEIRO,BASE_TECNICA,Rio de Janeiro/RJ - Base Técnica,,,,,BAD,795205,2025-12-07,5090137896,2024-10-22,195128,2025-11-10,Dado simulado para importação inicial (SGA 2.0)
SAP_EXPORT_SIMULADO,MAT-751517,RT-CISCO-AP515,ROUTER,Cisco,1N13JCAT9MX2,E20065267167189103693706,1,UN,TRAGUE,Trague,12.345.678/0001-90,FAISTON,31,Base Técnica - Curitiba,CURITIBA,BASE_TECNICA,Curitiba/PR - Base Técnica,,,,,DESCARTE,890870,2025-12-03,5265518424,2025-06-13,,2025-07-27,Dado simulado para importação inicial (SGA 2.0)
SAP_EXPORT_SIMULADO,MAT-782054,SW-JUNIPER-RB4011,SWITCH,Juniper,4VE92MPNSM43,,1,UN,NTT,NTT Data,03.684.740/0001-69,CLIENTE,20,Self Storage,SELF_STORAGE,SELF_STORAGE,Self Storage - Barueri/SP,,,,,EM_ESTOQUE,479781,2024-09-20,5759466878,2025-07-31,197096,2025-08-19,Dado simulado para importação inicial (SGA 2.0)
SAP_EXPORT_SIMULADO,MAT-835244,SV-LENOVO-RB4011,SERVER,Lenovo,3VLI7KQ1UYMR,E20090747664702635454737,1,UN,TRAGUE,Trague,12.345.678/0001-90,FAISTON,32,Base Técnica - Brasília,BRASILIA,BASE_TECNICA,Brasília/DF - Base Técnica,,,,,EM_TRANSITO,611233,2025-05-31,5380990401,2025-04-14,199534,2025-10-26,Dado simulado para importação inicial (SGA 2.0)
SAP_EXPORT_SIMULADO,MAT-232731,RT-CISCO-RB4011,ROUTER,Cisco,EGET1GHR09SK,,1,UN,EVOTEC,Evotech,04.123.456/0001-10,FAISTON,07,Barueri - Descarte,BARUERI,CD,Barueri/SP - Centro Logístico (280),,,,,DESCARTE,410636,2025-05-16,5387493096,2025-07-04,197502,2025-08-15,Dado simulado para importação inicial (SGA 2.0)
SAP_EXPORT_SIMULADO,MAT-735770,HD-SAMSUNG-MX204,DISK,Samsung,W1DAKRM8J5EC,,1,UN,EVOTEC,Evotech,04.123.456/0001-10,FAISTON,05,Barueri - BAD/Retorno,BARUERI,CD,Barueri/SP - Centro Logístico (280),,,,,EM_REVERSA,256445,2025-02-26,5091462297,2025-04-24,193637,2025-09-12,Dado simulado para importação inicial (SGA 2.0)
SAP_EXPORT_SIMULADO,MAT-837135,NB-DELL-ST2000,NOTEBOOK,Dell,KWV08HHXFGCA,,1,UN,EVOTEC,Evotech,04.123.456/0001-10,CLIENTE,32,Base Técnica - Brasília,BRASILIA,BASE_TECNICA,Brasília/DF - Base Técnica,,,,,EM_REVERSA,405407,2025-12-01,5248545713,2025-03-14,,2025-10-28,Dado simulado para importação inicial (SGA 2.0)
SAP_EXPORT_SIMULADO,MAT-559023,NB-HP-2960X,NOTEBOOK,Hp,PTX63CFL0UKE,E20043209859962074691564,1,UN,FAISTON,Stock Faiston (Sem Projeto),,FAISTON,07,Barueri - Descarte,BARUERI,CD,Barueri/SP - Centro Logístico (280),,,,,DESCARTE,418862,2024-11-17,5292322121,2024-08-09,,2025-12-11,Dado simulado para importação inicial (SGA 2.0)
SAP_EXPORT_SIMULADO,MAT-752878,RT-MIKROTIK-WD10,ROUTER,Mikrotik,LY4LYK83TQLL,,1,UN,TRAGUE,Trague,12.345.678/0001-90,FAISTON,32,Base Técnica - Brasília,BRASILIA,BASE_TECNICA,Brasília/DF - Base Técnica,,,,,EM_REVERSA,789606,2024-09-17,5443721204,2025-11-09,191854,2025-12-21,Dado simulado para importação inicial (SGA 2.0)
SAP_EXPORT_SIMULADO,MAT-386706,RT-JUNIPER-ProBook-450,ROUTER,Juniper,EK5RBW2ZLAOI,,1,UN,NTT,NTT Data,03.684.740/0001-69,CLIENTE,41,Técnico - Estoque Avançado,FIELD,TECNICO,Rio de Janeiro/RJ - Técnico,TEC-0007,José,Rio de Janeiro,RJ,EM_ESTOQUE,779172,2025-07-30,5535126623,2025-03-11,,2025-11-02,Dado simulado para importação inicial (SGA 2.0)
SAP_EXPORT_SIMULADO,MAT-669827,NB-LENOVO-Latitude-5440,NOTEBOOK,Lenovo,N7S55J2O7S3K,,1,UN,TRAGUE,Trague,12.345.678/0001-90,FAISTON,05,Barueri - BAD/Retorno,BARUERI,CD,Barueri/SP - Centro Logístico (280),,,,,BAD,568238,2024-08-26,5370574014,2025-01-28,,2025-11-16,Dado simulado para importação inicial (SGA 2.0)
SAP_EXPORT_SIMULADO,MAT-561694,AP-UBIQUITI-3850,ACCESS_POINT,Ubiquiti,I1B0Z3NX39RB,,1,UN,FAISTON,Stock Faiston (Sem Projeto),,FAISTON,32,Base Técnica - Brasília,BRASILIA,BASE_TECNICA,Brasília/DF - Base Técnica,,,,,BAD,718849,2025-01-29,5933833605,2025-09-23,,2025-12-31,Dado simulado para importação inicial (SGA 2.0)
SAP_EXPORT_SIMULADO,MAT-346174,AP-CISCO-R640,ACCESS_POINT,Cisco,58C2JWOCLYT8,,1,UN,FAISTON,Stock Faiston (Sem Projeto),,FAISTON,32,Base Técnica - Brasília,BRASILIA,BASE_TECNICA,Brasília/DF - Base Técnica,,,,,DESCARTE,853629,2024-08-22,5936714132,2025-11-28,,2025-09-14,Dado simulado para importação inicial (SGA 2.0)
SAP_EXPORT_SIMULADO,MAT-581894,HD-SAMSUNG-RB4011,DISK,Samsung,PY6B2KNFTU2G,E20089614356428134255929,4,UN,ARCDOU,Arcos Dourados,42.591.651/0001-43,FAISTON,03,Barueri - Estoque Operacional,BARUERI,CD,Barueri/SP - Centro Logístico (280),,,,,BAD,621841,2025-08-10,5249310440,2024-09-18,,2025-07-19,Dado simulado para importação inicial (SGA 2.0)
SAP_EXPORT_SIMULADO,MAT-777737,RT-JUNIPER-9300,ROUTER,Juniper,UY0BVR6K2VMW,,1,UN,TRAGUE,Trague,12.345.678/0001-90,CLIENTE,01,Barueri - Recebimento,BARUERI,CD,Barueri/SP - Centro Logístico (280),,,,,BAD,810687,2025-08-16,5674576271,2025-09-26,,2025-12-26,Dado simulado para importação inicial (SGA 2.0)
SAP_EXPORT_SIMULADO,MAT-178957,RT-CISCO-AP515,ROUTER,Cisco,DK0GET8T63J3,,1,UN,SUPMAN,Suporte & Manutenção,00.111.222/0001-33,FAISTON,05,Barueri - BAD/Retorno,BARUERI,CD,Barueri/SP - Centro Logístico (280),,,,,BAD,882824,2025-01-22,5863538119,2025-09-08,,2025-07-15,Dado simulado para importação inicial (SGA 2.0)
SAP_EXPORT_SIMULADO,MAT-586819,NB-HP-R640,NOTEBOOK,Hp,DOJEN0JNWNYQ,,1,UN,TRAGUE,Trague,12.345.678/0001-90,CLIENTE,31,Base Técnica - Curitiba,CURITIBA,BASE_TECNICA,Curitiba/PR - Base Técnica,,,,,BAD,739717,2025-05-22,5695411453,2025-10-31,,2025-11-29,Dado simulado para importação inicial (SGA 2.0)
SAP_EXPORT_SIMULADO,MAT-393328,SW-JUNIPER-9300,SWITCH,Juniper,9EITNN8ZTV05,,1,UN,ARCDOU,Arcos Dourados,42.591.651/0001-43,FAISTON,20,Self Storage,SELF_STORAGE,SELF_STORAGE,Self Storage - Barueri/SP,,,,,DESCARTE,974190,2024-08-20,5661051532,2024-11-12,,2025-09-12,Dado simulado para importação inicial (SGA 2.0)
SAP_EXPORT_SIMULADO,MAT-315173,AP-UBIQUITI-2960X,ACCESS_POINT,Ubiquiti,DYT9MOGE4QXX,,1,UN,TRAGUE,Trague,12.345.678/0001-90,FAISTON,31,Base Técnica - Curitiba,CURITIBA,BASE_TECNICA,Curitiba/PR - Base Técnica,,,,,BAD,153035,2025-01-27,5261530104,2025-08-28,,2025-11-09,Dado simulado para importação inicial (SGA 2.0)
SAP_EXPORT_SIMULADO,MAT-651640,RT-MIKROTIK-3850,ROUTER,Mikrotik,2VJ99T2D5EM2,E20043542679636098417483,1,UN,NTT,NTT Data,03.684.740/0001-69,FAISTON,05,Barueri - BAD/Retorno,BARUERI,CD,Barueri/SP - Centro Logístico (280),,,,,BAD,282710,2025-04-07,5056263020,2025-08-27,,2025-11-27,Dado simulado para importação inicial (SGA 2.0)
SAP_EXPORT_SIMULADO,MAT-518098,AP-UBIQUITI-ProBook-450,ACCESS_POINT,Ubiquiti,WVZNVKSP2EX5,E20046319080078555313678,1,UN,ARCDOU,Arcos Dourados,42.591.651/0001-43,FAISTON,20,Self Storage,SELF_STORAGE,SELF_STORAGE,Self Storage - Barueri/SP,,,,,BAD,550961,2024-09-28,5953580472,2025-05-15,194860,2025-12-21,Dado simulado para importação inicial (SGA 2.0)
SAP_EXPORT_SIMULADO,MAT-456331,NB-DELL-T14,NOTEBOOK,Dell,MUHXID4N1U34,,1,UN,EVOTEC,Evotech,04.123.456/0001-10,FAISTON,20,Self Storage,SELF_STORAGE,SELF_STORAGE,Self Storage - Barueri/SP,,,,,BAD,738577,2025-04-05,5031088245,2025-07-03,190124,2025-11-28,Dado simulado para importação inicial (SGA 2.0)
SAP_EXPORT_SIMULADO,MAT-609253,HD-WD-ST2000,DISK,Wd,C08DTNQFLL7V,,1,UN,SUPMAN,Suporte & Manutenção,00.111.222/0001-33,FAISTON,32,Base Técnica - Brasília,BRASILIA,BASE_TECNICA,Brasília/DF - Base Técnica,,,,,RESERVADO,265056,2025-11-14,5723668399,2025-10-12,193894,2025-08-25,Dado simulado para importação inicial (SGA 2.0)
SAP_EXPORT_SIMULADO,MAT-658453,RT-MIKROTIK-MX204,ROUTER,Mikrotik,DYVSLH9BH811,,1,UN,ARCDOU,Arcos Dourados,42.591.651/0001-43,CLIENTE,32,Base Técnica - Brasília,BRASILIA,BASE_TECNICA,Brasília/DF - Base Técnica,,,,,EM_TRANSITO,225812,2025-12-27,5534063428,2024-10-20,192458,2025-07-16,Dado simulado para importação inicial (SGA 2.0)
SAP_EXPORT_SIMULADO,MAT-355135,SW-JUNIPER-ProBook-450,SWITCH,Juniper,5BA75UUZPEAL,,1,UN,EVOTEC,Evotech,04.123.456/0001-10,CLIENTE,32,Base Técnica - Brasília,BRASILIA,BASE_TECNICA,Brasília/DF - Base Técnica,,,,,BAD,972442,2024-12-29,5094628740,2024-10-13,,2025-12-14,Dado simulado para importação inicial (SGA 2.0)
SAP_EXPORT_SIMULADO,MAT-586490,RT-MIKROTIK-ST2000,ROUTER,Mikrotik,H2CWTG1M8XFD,,1,UN,TRAGUE,Trague,12.345.678/0001-90,FAISTON,31,Base Técnica - Curitiba,CURITIBA,BASE_TECNICA,Curitiba/PR - Base Técnica,,,,,EM_TRANSITO,281926,2025-07-31,5816274954,2025-10-18,196191,2025-08-12,Dado simulado para importação inicial (SGA 2.0)
SAP_EXPORT_SIMULADO,MAT-681242,HD-WD-9300,DISK,Wd,5WFCPKJCSLQC,,1,UN,FAISTON,Stock Faiston (Sem Projeto),,FAISTON,31,Base Técnica - Curitiba,CURITIBA,BASE_TECNICA,Curitiba/PR - Base Técnica,,,,,EM_ESTOQUE,775981,2025-10-03,5660360225,2024-08-02,199016,2025-08-10,Dado simulado para importação inicial (SGA 2.0)
SAP_EXPORT_SIMULADO,MAT-506235,AP-ARUBA-ProBook-450,ACCESS_POINT,Aruba,VS8Q349DXBZ9,,1,UN,FAISTON,Stock Faiston (Sem Projeto),,FAISTON,31,Base Técnica - Curitiba,CURITIBA,BASE_TECNICA,Curitiba/PR - Base Técnica,,,,,BAD,648141,2025-07-25,5390732457,2024-12-18,,2025-12-21,Dado simulado para importação inicial (SGA 2.0)
SAP_EXPORT_SIMULADO,MAT-774751,HD-SEAGATE-DL380,DISK,Seagate,CDYK0X65MUFM,,1,UN,FAISTON,Stock Faiston (Sem Projeto),,FAISTON,31,Base Técnica - Curitiba,CURITIBA,BASE_TECNICA,Curitiba/PR - Base Técnica,,,,,DESCARTE,794299,2024-11-28,5138460786,2025-10-09,192343,2025-07-12,Dado simulado para importação inicial (SGA 2.0)
SAP_EXPORT_SIMULADO,MAT-748052,SW-JUNIPER-AP515,SWITCH,Juniper,SAL8M1G9FK2S,,1,UN,SUPMAN,Suporte & Manutenção,00.111.222/0001-33,FAISTON,32,Base Técnica - Brasília,BRASILIA,BASE_TECNICA,Brasília/DF - Base Técnica,,,,,BAD,975686,2024-07-13,5040531056,2025-01-24,,2025-11-23,Dado simulado para importação inicial (SGA 2.0)
SAP_EXPORT_SIMULADO,MAT-538997,HD-SEAGATE-AP535,DISK,Seagate,ZBNZ8V12II82,,1,UN,NTT,NTT Data,03.684.740/0001-69,CLIENTE,05,Barueri - BAD/Retorno,BARUERI,CD,Barueri/SP - Centro Logístico (280),,,,,BAD,584106,2025-03-21,5835504321,2024-12-08,,2025-11-29,Dado simulado para importação inicial (SGA 2.0)
SAP_EXPORT_SIMULADO,MAT-347231,SW-CISCO-Latitude-5440,SWITCH,Cisco,5TD44K1J6FP8,,1,UN,EVOTEC,Evotech,04.123.456/0001-10,CLIENTE,33,Base Técnica - Rio,RIO_DE_JANEIRO,BASE_TECNICA,Rio de Janeiro/RJ - Base Técnica,,,,,RESERVADO,466566,2025-12-07,5445492166,2025-11-10,192253,2025-12-27,Dado simulado para importação inicial (SGA 2.0)
SAP_EXPORT_SIMULADO,MAT-540218,SW-CISCO-ST2000,SWITCH,Cisco,2EK3ZEZQACJ4,E20095052146246090559534,1,UN,EVOTEC,Evotech,04.123.456/0001-10,CLIENTE,31,Base Técnica - Curitiba,CURITIBA,BASE_TECNICA,Curitiba/PR - Base Técnica,,,,,BAD,216587,2025-03-14,5255164255,2025-03-01,187813,2025-07-25,Dado simulado para importação inicial (SGA 2.0)
SAP_EXPORT_SIMULADO,MAT-166165,RT-CISCO-ST2000,ROUTER,Cisco,0MCIXDU1EMMX,,1,UN,TRAGUE,Trague,12.345.678/0001-90,CLIENTE,20,Self Storage,SELF_STORAGE,SELF_STORAGE,Self Storage - Barueri/SP,,,,,DESCARTE,829168,2024-08-31,5678321204,2025-07-01,,2025-12-23,Dado simulado para importação inicial (SGA 2.0)
SAP_EXPORT_SIMULADO,MAT-620306,SW-ARUBA-WD10,SWITCH,Aruba,7S9TJ1GM25LE,,1,UN,NTT,NTT Data,03.684.740/0001-69,CLIENTE,31,Base Técnica - Curitiba,CURITIBA,BASE_TECNICA,Curitiba/PR - Base Técnica,,,,,EM_TRANSITO,519453,2024-10-10,5960609692,2024-12-04,186121,2025-08-24,Dado simulado para importação inicial (SGA 2.0)
SAP_EXPORT_SIMULADO,MAT-480959,SW-JUNIPER-870EVO,SWITCH,Juniper,CV3TLCXLVPYM,,1,UN,EVOTEC,Evotech,04.123.456/0001-10,CLIENTE,32,Base Técnica - Brasília,BRASILIA,BASE_TECNICA,Brasília/DF - Base Técnica,,,,,EM_ESTOQUE,744718,2024-10-15,5294801573,2025-11-06,193310,2025-12-27,Dado simulado para importação inicial (SGA 2.0)
SAP_EXPORT_SIMULADO,MAT-127172,NB-LENOVO-AP535,NOTEBOOK,Lenovo,BC2NNUVY8N1U,,1,UN,NTT,NTT Data,03.684.740/0001-69,CLIENTE,33,Base Técnica - Rio,RIO_DE_JANEIRO,BASE_TECNICA,Rio de Janeiro/RJ - Base Técnica,,,,,BAD,517368,2025-02-16,5697460535,2025-03-24,183717,2025-08-13,Dado simulado para importação inicial (SGA 2.0)
SAP_EXPORT_SIMULADO,MAT-992717,RT-MIKROTIK-AP535,ROUTER,Mikrotik,ZHWY9HECGZ93,,1,UN,ARCDOU,Arcos Dourados,42.591.651/0001-43,CLIENTE,20,Self Storage,SELF_STORAGE,SELF_STORAGE,Self Storage - Barueri/SP,,,,,EM_TRANSITO,844007,2025-10-29,5590554938,2025-03-12,,2025-07-08,Dado simulado para importação inicial (SGA 2.0)
SAP_EXPORT_SIMULADO,MAT-963333,AP-CISCO-2960X,ACCESS_POINT,Cisco,SEHE2ATN2TWD,,1,UN,FAISTON,Stock Faiston (Sem Projeto),,FAISTON,31,Base Técnica - Curitiba,CURITIBA,BASE_TECNICA,Curitiba/PR - Base Técnica,,,,,EM_TRANSITO,517500,2024-08-31,5564461415,2024-11-09,,2025-07-23,Dado simulado para importação inicial (SGA 2.0)
SAP_EXPORT_SIMULADO,MAT-987025,SV-HPE-2960X,SERVER,Hpe,YM52XG8P6BEF,,1,UN,ARCDOU,Arcos Dourados,42.591.651/0001-43,FAISTON,33,Base Técnica - Rio,RIO_DE_JANEIRO,BASE_TECNICA,Rio de Janeiro/RJ - Base Técnica,,,,,RESERVADO,438334,2025-05-18,5371539452,2024-07-21,,2025-08-15,Dado simulado para importação inicial (SGA 2.0)
SAP_EXPORT_SIMULADO,MAT-536822,AP-ARUBA-9200,ACCESS_POINT,Aruba,WDXVUGW6M7B5,,1,UN,EVOTEC,Evotech,04.123.456/0001-10,FAISTON,20,Self Storage,SELF_STORAGE,SELF_STORAGE,Self Storage - Barueri/SP,,,,,EM_ESTOQUE,772612,2025-04-07,5699145494,2025-06-02,,2025-08-17,Dado simulado para importação inicial (SGA 2.0)
SAP_EXPORT_SIMULADO,MAT-228473,HD-WD-RB4011,DISK,Wd,R2YKCCPRHVLZ,,1,UN,EVOTEC,Evotech,04.123.456/0001-10,CLIENTE,20,Self Storage,SELF_STORAGE,SELF_STORAGE,Self Storage - Barueri/SP,,,,,EM_TRANSITO,237118,2024-12-20,5552955706,2025-09-17,195285,2025-12-10,Dado simulado para importação inicial (SGA 2.0)
SAP_EXPORT_SIMULADO,MAT-325595,RT-CISCO-T14,ROUTER,Cisco,5P8637ZGF9Q5,E20048645848773451505729,1,UN,ARCDOU,Arcos Dourados,42.591.651/0001-43,FAISTON,32,Base Técnica - Brasília,BRASILIA,BASE_TECNICA,Brasília/DF - Base Técnica,,,,,EM_REVERSA,194423,2024-11-27,5542716859,2024-09-22,,2025-07-13,Dado simulado para importação inicial (SGA 2.0)
SAP_EXPORT_SIMULADO,MAT-434002,SW-ARUBA-AP535,SWITCH,Aruba,9O2M71HSSBEL,,1,UN,SUPMAN,Suporte & Manutenção,00.111.222/0001-33,FAISTON,05,Barueri - BAD/Retorno,BARUERI,CD,Barueri/SP - Centro Logístico (280),,,,,BAD,256175,2024-07-25,5150088694,2025-02-02,,2025-10-19,Dado simulado para importação inicial (SGA 2.0)
SAP_EXPORT_SIMULADO,MAT-711868,RT-CISCO-WD10,ROUTER,Cisco,3TZK3NY9V20Y,,1,UN,SUPMAN,Suporte & Manutenção,00.111.222/0001-33,FAISTON,41,Técnico - Estoque Avançado,FIELD,TECNICO,São Luís/MA - Técnico,TEC-0040,Rafaela,São Luís,MA,EM_ESTOQUE,597643,2025-04-07,5703935444,2025-05-15,,2025-07-29,Dado simulado para importação inicial (SGA 2.0)
SAP_EXPORT_SIMULADO,MAT-601608,AP-ARUBA-870EVO,ACCESS_POINT,Aruba,B8DALFYO1750,,1,UN,TRAGUE,Trague,12.345.678/0001-90,FAISTON,07,Barueri - Descarte,BARUERI,CD,Barueri/SP - Centro Logístico (280),,,,,DESCARTE,643878,2025-06-05,5602247585,2025-02-05,,2025-11-20,Dado simulado para importação inicial (SGA 2.0)
SAP_EXPORT_SIMULADO,MAT-401769,NB-HP-3850,NOTEBOOK,Hp,TY5Y2JR8KK79,,1,UN,TRAGUE,Trague,12.345.678/0001-90,FAISTON,31,Base Técnica - Curitiba,CURITIBA,BASE_TECNICA,Curitiba/PR - Base Técnica,,,,,EM_TRANSITO,823769,2024-08-21,5340419907,2024-08-30,188960,2025-09-28,Dado simulado para importação inicial (SGA 2.0)
SAP_EXPORT_SIMULADO,MAT-446337,RT-CISCO-WD10,ROUTER,Cisco,KKZMPJRHT7ZE,,1,UN,TRAGUE,Trague,12.345.678/0001-90,FAISTON,05,Barueri - BAD/Retorno,BARUERI,CD,Barueri/SP - Centro Logístico (280),,,,,EM_REVERSA,153231,2025-05-17,5684987769,2025-05-10,193543,2025-11-29,Dado simulado para importação inicial (SGA 2.0)
SAP_EXPORT_SIMULADO,MAT-516278,NB-DELL-WD10,NOTEBOOK,Dell,O75RH8LX6DUT,,1,UN,ARCDOU,Arcos Dourados,42.591.651/0001-43,FAISTON,05,Barueri - BAD/Retorno,BARUERI,CD,Barueri/SP - Centro Logístico (280),,,,,EM_REVERSA,538184,2025-07-07,5987450363,2025-11-27,,2025-10-21,Dado simulado para importação inicial (SGA 2.0)
SAP_EXPORT_SIMULADO,MAT-929179,SW-JUNIPER-R640,SWITCH,Juniper,UD9K9TR74QGE,,1,UN,ARCDOU,Arcos Dourados,42.591.651/0001-43,CLIENTE,20,Self Storage,SELF_STORAGE,SELF_STORAGE,Self Storage - Barueri/SP,,,,,RESERVADO,779776,2025-04-15,5771588919,2025-06-27,191046,2025-11-15,Dado simulado para importação inicial (SGA 2.0)
SAP_EXPORT_SIMULADO,MAT-588002,NB-DELL-R640,NOTEBOOK,Dell,3SDYGFLIJI18,,1,UN,NTT,NTT Data,03.684.740/0001-69,FAISTON,32,Base Técnica - Brasília,BRASILIA,BASE_TECNICA,Brasília/DF - Base Técnica,,,,,EM_TRANSITO,374258,2024-12-31,5743854609,2025-05-07,183873,2025-08-28,Dado simulado para importação inicial (SGA 2.0)
SAP_EXPORT_SIMULADO,MAT-724756,RT-MIKROTIK-2960X,ROUTER,Mikrotik,W7NH8RQ9NZ61,,1,UN,FAISTON,Stock Faiston (Sem Projeto),,FAISTON,03,Barueri - Estoque Operacional,BARUERI,CD,Barueri/SP - Centro Logístico (280),,,,,DESCARTE,965708,2025-05-25,5818040539,2025-04-25,,2025-10-03,Dado simulado para importação inicial (SGA 2.0)
SAP_EXPORT_SIMULADO,MAT-685941,NB-HP-ST2000,NOTEBOOK,Hp,CTSUFLSEHUDS,,1,UN,ARCDOU,Arcos Dourados,42.591.651/0001-43,CLIENTE,03,Barueri - Estoque Operacional,BARUERI,CD,Barueri/SP - Centro Logístico (280),,,,,EM_ESTOQUE,238353,2024-07-27,5446058739,2024-09-23,,2025-12-29,Dado simulado para importação inicial (SGA 2.0)
SAP_EXPORT_SIMULADO,MAT-239449,RT-CISCO-T14,ROUTER,Cisco,0UBMC97C7BO1,E20055720026558232971847,1,UN,TRAGUE,Trague,12.345.678/0001-90,CLIENTE,01,Barueri - Recebimento,BARUERI,CD,Barueri/SP - Centro Logístico (280),,,,,DESCARTE,492650,2024-12-08,5481613078,2024-12-13,197671,2025-12-30,Dado simulado para importação inicial (SGA 2.0)
SAP_EXPORT_SIMULADO,MAT-792282,AP-CISCO-870EVO,ACCESS_POINT,Cisco,DBVZB0OIH5CS,,1,UN,NTT,NTT Data,03.684.740/0001-69,FAISTON,03,Barueri - Estoque Operacional,BARUERI,CD,Barueri/SP - Centro Logístico (280),,,,,EM_TRANSITO,955413,2025-02-11,5620058859,2025-02-09,184694,2025-10-25,Dado simulado para importação inicial (SGA 2.0)
SAP_EXPORT_SIMULADO,MAT-689704,NB-LENOVO-ProBook-450,NOTEBOOK,Lenovo,WPR97Y2LOFN1,,1,UN,ARCDOU,Arcos Dourados,42.591.651/0001-43,FAISTON,05,Barueri - BAD/Retorno,BARUERI,CD,Barueri/SP - Centro Logístico (280),,,,,EM_REVERSA,415344,2025-08-09,5865195567,2024-09-16,,2025-11-30,Dado simulado para importação inicial (SGA 2.0)
SAP_EXPORT_SIMULADO,MAT-322096,AP-UBIQUITI-AP-305,ACCESS_POINT,Ubiquiti,HX74D0GJYV5G,E20094262957353254094893,1,UN,TRAGUE,Trague,12.345.678/0001-90,FAISTON,20,Self Storage,SELF_STORAGE,SELF_STORAGE,Self Storage - Barueri/SP,,,,,BAD,602681,2025-06-04,5933590437,2025-01-28,180502,2025-09-20,Dado simulado para importação inicial (SGA 2.0)
SAP_EXPORT_SIMULADO,MAT-868367,NB-DELL-T14,NOTEBOOK,Dell,0ATVZKHIUIT7,E20051899580800160124069,1,UN,ARCDOU,Arcos Dourados,42.591.651/0001-43,CLIENTE,07,Barueri - Descarte,BARUERI,CD,Barueri/SP - Centro Logístico (280),,,,,DESCARTE,900441,2024-08-21,5776914430,2024-08-19,,2025-09-02,Dado simulado para importação inicial (SGA 2.0)
SAP_EXPORT_SIMULADO,MAT-364679,SV-HPE-T14,SERVER,Hpe,ATATJ9A3Y36D,,1,UN,FAISTON,Stock Faiston (Sem Projeto),,FAISTON,01,Barueri - Recebimento,BARUERI,CD,Barueri/SP - Centro Logístico (280),,,,,EM_ESTOQUE,649857,2025-08-04,5258738317,2025-06-21,,2025-12-14,Dado simulado para importação inicial (SGA 2.0)
SAP_EXPORT_SIMULADO,MAT-447362,SV-LENOVO-3850,SERVER,Lenovo,U9IY4X41DNTC,,1,UN,EVOTEC,Evotech,04.123.456/0001-10,FAISTON,33,Base Técnica - Rio,RIO_DE_JANEIRO,BASE_TECNICA,Rio de Janeiro/RJ - Base Técnica,,,,,EM_ESTOQUE,186702,2024-08-10,5907665954,2024-10-16,,2025-11-06,Dado simulado para importação inicial (SGA 2.0)
SAP_EXPORT_SIMULADO,MAT-666820,HD-WD-DL380,DISK,Wd,J7YKTXG4AHF3,,1,UN,NTT,NTT Data,03.684.740/0001-69,CLIENTE,33,Base Técnica - Rio,RIO_DE_JANEIRO,BASE_TECNICA,Rio de Janeiro/RJ - Base Técnica,,,,,EM_ESTOQUE,270341,2025-05-02,5608485104,2024-12-01,,2025-11-29,Dado simulado para importação inicial (SGA 2.0)
SAP_EXPORT_SIMULADO,MAT-792764,HD-SEAGATE-Latitude-5440,DISK,Seagate,S9BP4M18O1BJ,,1,UN,FAISTON,Stock Faiston (Sem Projeto),,FAISTON,03,Barueri - Estoque Operacional,BARUERI,CD,Barueri/SP - Centro Logístico (280),,,,,EM_REVERSA,339220,2025-01-04,5593819730,2024-12-15,199197,2025-10-20,Dado simulado para importação inicial (SGA 2.0)
SAP_EXPORT_SIMULADO,MAT-725920,HD-WD-DL380,DISK,Wd,CFZW0LDALMJE,E20047759256122112273974,4,UN,NTT,NTT Data,03.684.740/0001-69,CLIENTE,03,Barueri - Estoque Operacional,BARUERI,CD,Barueri/SP - Centro Logístico (280),,,,,BAD,208310,2025-12-08,5096227496,2025-01-06,,2025-07-30,Dado simulado para importação inicial (SGA 2.0)
SAP_EXPORT_SIMULADO,MAT-405605,SV-LENOVO-WD10,SERVER,Lenovo,EAO4N5PP3XVK,,1,UN,NTT,NTT Data,03.684.740/0001-69,FAISTON,03,Barueri - Estoque Operacional,BARUERI,CD,Barueri/SP - Centro Logístico (280),,,,,BAD,602278,2025-02-16,5190736564,2024-11-22,,2025-10-12,Dado simulado para importação inicial (SGA 2.0)
SAP_EXPORT_SIMULADO,MAT-849979,RT-JUNIPER-ProBook-450,ROUTER,Juniper,N7H9G1A07H23,E20094459657385607636096,1,UN,TRAGUE,Trague,12.345.678/0001-90,CLIENTE,32,Base Técnica - Brasília,BRASILIA,BASE_TECNICA,Brasília/DF - Base Técnica,,,,,EM_ESTOQUE,805668,2024-08-10,5149442440,2025-02-27,185050,2025-09-23,Dado simulado para importação inicial (SGA 2.0)
SAP_EXPORT_SIMULADO,MAT-465249,SV-HPE-R640,SERVER,Hpe,AJSSUUQO1VSM,,1,UN,EVOTEC,Evotech,04.123.456/0001-10,CLIENTE,03,Barueri - Estoque Operacional,BARUERI,CD,Barueri/SP - Centro Logístico (280),,,,,EM_ESTOQUE,209627,2025-03-07,5446650213,2025-10-08,184642,2025-11-12,Dado simulado para importação inicial (SGA 2.0)
SAP_EXPORT_SIMULADO,MAT-584498,SV-HPE-MX204,SERVER,Hpe,RPZLK3E4XYF9,,1,UN,SUPMAN,Suporte & Manutenção,00.111.222/0001-33,FAISTON,31,Base Técnica - Curitiba,CURITIBA,BASE_TECNICA,Curitiba/PR - Base Técnica,,,,,RESERVADO,641058,2025-07-09,5592609167,2025-07-24,193971,2025-11-17,Dado simulado para importação inicial (SGA 2.0)
SAP_EXPORT_SIMULADO,MAT-653349,HD-SAMSUNG-DL380,DISK,Samsung,O05QPAHKZ2U2,,1,UN,FAISTON,Stock Faiston (Sem Projeto),,FAISTON,32,Base Técnica - Brasília,BRASILIA,BASE_TECNICA,Brasília/DF - Base Técnica,,,,,EM_TRANSITO,441819,2025-06-16,5491291025,2025-09-09,196039,2025-09-25,Dado simulado para importação inicial (SGA 2.0)
SAP_EXPORT_SIMULADO,MAT-543588,SW-ARUBA-AP535,SWITCH,Aruba,MQGY27VYLIEN,,1,UN,SUPMAN,Suporte & Manutenção,00.111.222/0001-33,FAISTON,31,Base Técnica - Curitiba,CURITIBA,BASE_TECNICA,Curitiba/PR - Base Técnica,,,,,RESERVADO,635638,2024-12-02,5449080818,2025-08-15,,2025-07-10,Dado simulado para importação inicial (SGA 2.0)
SAP_EXPORT_SIMULADO,MAT-186686,AP-CISCO-9200,ACCESS_POINT,Cisco,GKG4W58RHNUX,,1,UN,FAISTON,Stock Faiston (Sem Projeto),,FAISTON,41,Técnico - Estoque Avançado,FIELD,TECNICO,Vila Velha/ES - Técnico,TEC-0055,Diego,Vila Velha,ES,EM_REVERSA,615611,2024-11-04,5762509565,2024-10-06,,2025-10-25,Dado simulado para importação inicial (SGA 2.0)
SAP_EXPORT_SIMULADO,MAT-785424,NB-LENOVO-MX204,NOTEBOOK,Lenovo,GQ01TEE13N3B,,1,UN,NTT,NTT Data,03.684.740/0001-69,CLIENTE,20,Self Storage,SELF_STORAGE,SELF_STORAGE,Self Storage - Barueri/SP,,,,,DESCARTE,672892,2025-05-25,5456506372,2025-09-21,,2025-12-26,Dado simulado para importação inicial (SGA 2.0)
SAP_EXPORT_SIMULADO,MAT-725850,RT-JUNIPER-AP535,ROUTER,Juniper,5D5E3H0Y4VPW,,1,UN,TRAGUE,Trague,12.345.678/0001-90,FAISTON,31,Base Técnica - Curitiba,CURITIBA,BASE_TECNICA,Curitiba/PR - Base Técnica,,,,,RESERVADO,944565,2025-11-04,5612112671,2025-01-09,,2025-10-21,Dado simulado para importação inicial (SGA 2.0)
SAP_EXPORT_SIMULADO,MAT-705474,NB-HP-RB4011,NOTEBOOK,Hp,8S63E1OCJXZE,,1,UN,EVOTEC,Evotech,04.123.456/0001-10,CLIENTE,20,Self Storage,SELF_STORAGE,SELF_STORAGE,Self Storage - Barueri/SP,,,,,RESERVADO,968726,2025-04-25,5817626034,2024-11-27,,2025-09-10,Dado simulado para importação inicial (SGA 2.0)
SAP_EXPORT_SIMULADO,MAT-438548,HD-WD-R640,DISK,Wd,O0Z5QRU54D8W,,1,UN,ARCDOU,Arcos Dourados,42.591.651/0001-43,CLIENTE,03,Barueri - Estoque Operacional,BARUERI,CD,Barueri/SP - Centro Logístico (280),,,,,EM_ESTOQUE,328411,2024-10-21,5885673417,2025-06-01,,2025-12-01,Dado simulado para importação inicial (SGA 2.0)
SAP_EXPORT_SIMULADO,MAT-362552,SV-HPE-2960X,SERVER,Hpe,61BW4A7FQ9P9,,1,UN,SUPMAN,Suporte & Manutenção,00.111.222/0001-33,FAISTON,31,Base Técnica - Curitiba,CURITIBA,BASE_TECNICA,Curitiba/PR - Base Técnica,,,,,RESERVADO,781571,2025-02-28,5170700744,2025-03-29,191810,2025-07-21,Dado simulado para importação inicial (SGA 2.0)
SAP_EXPORT_SIMULADO,MAT-866260,SW-CISCO-3850,SWITCH,Cisco,W01PDDHCVSQA,,1,UN,NTT,NTT Data,03.684.740/0001-69,FAISTON,32,Base Técnica - Brasília,BRASILIA,BASE_TECNICA,Brasília/DF - Base Técnica,,,,,EM_TRANSITO,542828,2025-08-21,5512926731,2025-10-23,182927,2025-10-19,Dado simulado para importação inicial (SGA 2.0)
SAP_EXPORT_SIMULADO,MAT-429780,SV-DELL-AP515,SERVER,Dell,XYCUVFMH07WP,,1,UN,NTT,NTT Data,03.684.740/0001-69,FAISTON,05,Barueri - BAD/Retorno,BARUERI,CD,Barueri/SP - Centro Logístico (280),,,,,EM_REVERSA,246814,2025-08-30,5633050169,2024-12-06,194070,2025-12-13,Dado simulado para importação inicial (SGA 2.0)
SAP_EXPORT_SIMULADO,MAT-112653,NB-LENOVO-T14,NOTEBOOK,Lenovo,2Y4XKSS0KB68,E20085367970020075654705,1,UN,NTT,NTT Data,03.684.740/0001-69,CLIENTE,20,Self Storage,SELF_STORAGE,SELF_STORAGE,Self Storage - Barueri/SP,,,,,EM_REVERSA,218220,2025-05-02,5536422667,2025-10-23,,2025-07-30,Dado simulado para importação inicial (SGA 2.0)
SAP_EXPORT_SIMULADO,MAT-157701,RT-MIKROTIK-R640,ROUTER,Mikrotik,LSH3TOW4YCZ0,,1,UN,NTT,NTT Data,03.684.740/0001-69,FAISTON,03,Barueri - Estoque Operacional,BARUERI,CD,Barueri/SP - Centro Logístico (280),,,,,RESERVADO,356355,2025-10-07,5992811491,2024-10-16,199950,2025-11-20,Dado simulado para importação inicial (SGA 2.0)
SAP_EXPORT_SIMULADO,MAT-704663,SW-ARUBA-2960X,SWITCH,Aruba,ZF8S2ZGE2J51,,1,UN,ARCDOU,Arcos Dourados,42.591.651/0001-43,CLIENTE,05,Barueri - BAD/Retorno,BARUERI,CD,Barueri/SP - Centro Logístico (280),,,,,BAD,385192,2024-07-16,5068582026,2025-04-09,,2025-10-03,Dado simulado para importação inicial (SGA 2.0)
SAP_EXPORT_SIMULADO,MAT-384434,SV-LENOVO-2960X,SERVER,Lenovo,NJDU0ISB5IQN,,1,UN,ARCDOU,Arcos Dourados,42.591.651/0001-43,FAISTON,05,Barueri - BAD/Retorno,BARUERI,CD,Barueri/SP - Centro Logístico (280),,,,,EM_REVERSA,679720,2024-10-31,5241071485,2025-02-08,190483,2025-08-28,Dado simulado para importação inicial (SGA 2.0)
SAP_EXPORT_SIMULADO,MAT-913575,SW-JUNIPER-AP-305,SWITCH,Juniper,ISBO551LDQNK,,1,UN,FAISTON,Stock Faiston (Sem Projeto),,FAISTON,05,Barueri - BAD/Retorno,BARUERI,CD,Barueri/SP - Centro Logístico (280),,,,,EM_REVERSA,586462,2024-12-22,5635323297,2024-08-16,,2025-11-02,Dado simulado para importação inicial (SGA 2.0)
SAP_EXPORT_SIMULADO,MAT-986575,SW-ARUBA-870EVO,SWITCH,Aruba,ATWYAM1N0LH9,,1,UN,NTT,NTT Data,03.684.740/0001-69,CLIENTE,32,Base Técnica - Brasília,BRASILIA,BASE_TECNICA,Brasília/DF - Base Técnica,,,,,EM_REVERSA,162804,2025-08-11,5764131026,2025-03-23,187584,2025-09-30,Dado simulado para importação inicial (SGA 2.0)
SAP_EXPORT_SIMULADO,MAT-242723,HD-SEAGATE-3850,DISK,Seagate,USWOVCXEK47O,E20043137448083762817930,1,UN,TRAGUE,Trague,12.345.678/0001-90,CLIENTE,03,Barueri - Estoque Operacional,BARUERI,CD,Barueri/SP - Centro Logístico (280),,,,,EM_TRANSITO,574751,2025-03-31,5250838144,2025-10-19,,2025-10-19,Dado simulado para importação inicial (SGA 2.0)
SAP_EXPORT_SIMULADO,MAT-178629,AP-CISCO-9200,ACCESS_POINT,Cisco,84UTDD2EC2IH,,1,UN,EVOTEC,Evotech,04.123.456/0001-10,CLIENTE,01,Barueri - Recebimento,BARUERI,CD,Barueri/SP - Centro Logístico (280),,,,,EM_REVERSA,819622,2025-10-09,5625265416,2025-04-13,,2025-07-22,Dado simulado para importação inicial (SGA 2.0)
SAP_EXPORT_SIMULADO,MAT-778720,AP-ARUBA-R640,ACCESS_POINT,Aruba,63LBQGU3OBYG,,1,UN,TRAGUE,Trague,12.345.678/0001-90,FAISTON,03,Barueri - Estoque Operacional,BARUERI,CD,Barueri/SP - Centro Logístico (280),,,,,RESERVADO,388339,2025-03-23,5478901124,2025-08-04,188053,2025-08-16,Dado simulado para importação inicial (SGA 2.0)
SAP_EXPORT_SIMULADO,MAT-434367,SW-CISCO-MX204,SWITCH,Cisco,KEH5SW2292MT,,1,UN,TRAGUE,Trague,12.345.678/0001-90,CLIENTE,03,Barueri - Estoque Operacional,BARUERI,CD,Barueri/SP - Centro Logístico (280),,,,,EM_REVERSA,693128,2024-08-07,5345320116,2024-12-02,180854,2025-10-24,Dado simulado para importação inicial (SGA 2.0)
SAP_EXPORT_SIMULADO,MAT-831514,SV-LENOVO-T14,SERVER,Lenovo,MVIFIIT2018U,E20079551984340225092179,1,UN,ARCDOU,Arcos Dourados,42.591.651/0001-43,CLIENTE,41,Técnico - Estoque Avançado,FIELD,TECNICO,Curitiba/PR - Técnico,TEC-0012,Marcos,Curitiba,PR,EM_REVERSA,284654,2025-05-06,5636212983,2025-02-12,,2025-10-13,Dado simulado para importação inicial (SGA 2.0)
SAP_EXPORT_SIMULADO,MAT-954017,SW-ARUBA-AP535,SWITCH,Aruba,V71448N7ODKE,,1,UN,ARCDOU,Arcos Dourados,42.591.651/0001-43,CLIENTE,05,Barueri - BAD/Retorno,BARUERI,CD,Barueri/SP - Centro Logístico (280),,,,,BAD,780714,2025-02-13,5187048690,2025-01-03,199298,2025-07-11,Dado simulado para importação inicial (SGA 2.0)
SAP_EXPORT_SIMULADO,MAT-276042,AP-UBIQUITI-2960X,ACCESS_POINT,Ubiquiti,088O98BV78HU,,1,UN,EVOTEC,Evotech,04.123.456/0001-10,CLIENTE,05,Barueri - BAD/Retorno,BARUERI,CD,Barueri/SP - Centro Logístico (280),,,,,EM_REVERSA,881549,2025-10-16,5255546183,2025-01-13,,2025-10-10,Dado simulado para importação inicial (SGA 2.0)
SAP_EXPORT_SIMULADO,MAT-938016,SW-ARUBA-9300,SWITCH,Aruba,HYM2ZBPPFO5M,E20021381099398746640394,1,UN,TRAGUE,Trague,12.345.678/0001-90,FAISTON,20,Self Storage,SELF_STORAGE,SELF_STORAGE,Self Storage - Barueri/SP,,,,,EM_REVERSA,969067,2024-08-31,5846892378,2025-05-18,182415,2025-08-15,Dado simulado para importação inicial (SGA 2.0)
SAP_EXPORT_SIMULADO,MAT-423331,HD-WD-Latitude-5440,DISK,Wd,JKIBU4FMPKXV,,2,UN,FAISTON,Stock Faiston (Sem Projeto),,FAISTON,41,Técnico - Estoque Avançado,FIELD,TECNICO,Curitiba/PR - Técnico,TEC-0012,Marcos,Curitiba,PR,RESERVADO,769191,2025-03-11,5087978213,2024-09-06,,2025-07-18,Dado simulado para importação inicial (SGA 2.0)
SAP_EXPORT_SIMULADO,MAT-958160,SW-ARUBA-870EVO,SWITCH,Aruba,NNNGBPJ4UFZD,,1,UN,EVOTEC,Evotech,04.123.456/0001-10,CLIENTE,41,Técnico - Estoque Avançado,FIELD,TECNICO,São Luís/MA - Técnico,TEC-0040,Rafaela,São Luís,MA,DESCARTE,534096,2025-05-16,5594425527,2025-11-02,,2025-07-12,Dado simulado para importação inicial (SGA 2.0)
SAP_EXPORT_SIMULADO,MAT-311727,NB-HP-AP515,NOTEBOOK,Hp,RC6ZS62YWE1G,,1,UN,TRAGUE,Trague,12.345.678/0001-90,FAISTON,07,Barueri - Descarte,BARUERI,CD,Barueri/SP - Centro Logístico (280),,,,,DESCARTE,947732,2025-06-20,5135491190,2025-11-21,194266,2025-12-17,Dado simulado para importação inicial (SGA 2.0)
SAP_EXPORT_SIMULADO,MAT-460572,SV-HPE-ProBook-450,SERVER,Hpe,OLJQ52WSPOFV,,1,UN,ARCDOU,Arcos Dourados,42.591.651/0001-43,FAISTON,41,Técnico - Estoque Avançado,FIELD,TECNICO,São Luís/MA - Técnico,TEC-0040,Rafaela,São Luís,MA,EM_ESTOQUE,917411,2025-09-22,5843687944,2025-03-17,,2025-09-01,Dado simulado para importação inicial (SGA 2.0)
SAP_EXPORT_SIMULADO,MAT-999924,NB-DELL-3850,NOTEBOOK,Dell,BJFVYB6LI076,E20094824612877885135188,1,UN,SUPMAN,Suporte & Manutenção,00.111.222/0001-33,FAISTON,33,Base Técnica - Rio,RIO_DE_JANEIRO,BASE_TECNICA,Rio de Janeiro/RJ - Base Técnica,,,,,EM_ESTOQUE,454278,2025-02-27,5333879270,2025-03-22,,2025-12-27,Dado simulado para importação inicial (SGA 2.0)
SAP_EXPORT_SIMULADO,MAT-885342,AP-ARUBA-2960X,ACCESS_POINT,Aruba,4IQ7ZJ3SWEBN,E20008722226589641182697,1,UN,NTT,NTT Data,03.684.740/0001-69,CLIENTE,07,Barueri - Descarte,BARUERI,CD,Barueri/SP - Centro Logístico (280),,,,,DESCARTE,286209,2024-09-05,5630157871,2025-01-10,188475,2025-07-23,Dado simulado para importação inicial (SGA 2.0)
SAP_EXPORT_SIMULADO,MAT-771712,SV-HPE-DL380,SERVER,Hpe,4QHKSWVA984U,,1,UN,EVOTEC,Evotech,04.123.456/0001-10,CLIENTE,32,Base Técnica - Brasília,BRASILIA,BASE_TECNICA,Brasília/DF - Base Técnica,,,,,BAD,412974,2025-09-15,5517262695,2025-10-30,189059,2025-07-21,Dado simulado para importação inicial (SGA 2.0)
SAP_EXPORT_SIMULADO,MAT-769320,AP-UBIQUITI-WD10,ACCESS_POINT,Ubiquiti,SIC43OLFARK6,,1,UN,EVOTEC,Evotech,04.123.456/0001-10,FAISTON,05,Barueri - BAD/Retorno,BARUERI,CD,Barueri/SP - Centro Logístico (280),,,,,BAD,711344,2025-06-23,5368472812,2025-05-21,,2025-10-19,Dado simulado para importação inicial (SGA 2.0)
SAP_EXPORT_SIMULADO,MAT-765213,HD-WD-2960X,DISK,Wd,GDEJ31GYMDM0,,1,UN,NTT,NTT Data,03.684.740/0001-69,CLIENTE,41,Técnico - Estoque Avançado,FIELD,TECNICO,Brasília/DF - Técnico,TEC-0021,Ana,Brasília,DF,EM_TRANSITO,714015,2025-03-08,5497959181,2025-09-05,,2025-08-28,Dado simulado para importação inicial (SGA 2.0)
SAP_EXPORT_SIMULADO,MAT-704272,HD-WD-AP535,DISK,Wd,TO5F9M969F5G,,4,UN,ARCDOU,Arcos Dourados,42.591.651/0001-43,FAISTON,32,Base Técnica - Brasília,BRASILIA,BASE_TECNICA,Brasília/DF - Base Técnica,,,,,DESCARTE,428638,2025-11-05,5005061082,2024-09-28,185524,2025-12-12,Dado simulado para importação inicial (SGA 2.0)
SAP_EXPORT_SIMULADO,MAT-717265,NB-DELL-R640,NOTEBOOK,Dell,WO8NBHNAL3GY,E20009455461947198029205,1,UN,NTT,NTT Data,03.684.740/0001-69,FAISTON,32,Base Técnica - Brasília,BRASILIA,BASE_TECNICA,Brasília/DF - Base Técnica,,,,,DESCARTE,337256,2025-01-16,5335106513,2025-08-24,196493,2025-12-03,Dado simulado para importação inicial (SGA 2.0)
SAP_EXPORT_SIMULADO,MAT-794663,HD-WD-870EVO,DISK,Wd,NX1WVBD4BEPE,,1,UN,EVOTEC,Evotech,04.123.456/0001-10,FAISTON,01,Barueri - Recebimento,BARUERI,CD,Barueri/SP - Centro Logístico (280),,,,,DESCARTE,315477,2025-12-25,5323321334,2024-10-30,,2025-07-08,Dado simulado para importação inicial (SGA 2.0)
SAP_EXPORT_SIMULADO,MAT-215795,SV-DELL-WD10,SERVER,Dell,SWK2RV239MOF,,1,UN,NTT,NTT Data,03.684.740/0001-69,CLIENTE,03,Barueri - Estoque Operacional,BARUERI,CD,Barueri/SP - Centro Logístico (280),,,,,BAD,317782,2024-08-29,5354982932,2025-05-08,182916,2025-08-26,Dado simulado para importação inicial (SGA 2.0)
SAP_EXPORT_SIMULADO,MAT-752011,HD-SAMSUNG-RB4011,DISK,Samsung,6XQ9JB354MYP,E20081492387671609145861,2,UN,ARCDOU,Arcos Dourados,42.591.651/0001-43,FAISTON,03,Barueri - Estoque Operacional,BARUERI,CD,Barueri/SP - Centro Logístico (280),,,,,EM_ESTOQUE,795578,2025-07-13,5352896879,2025-01-02,,2025-09-28,Dado simulado para importação inicial (SGA 2.0)
SAP_EXPORT_SIMULADO,MAT-748270,NB-LENOVO-3850,NOTEBOOK,Lenovo,5506RR5PCXA5,,1,UN,EVOTEC,Evotech,04.123.456/0001-10,FAISTON,01,Barueri - Recebimento,BARUERI,CD,Barueri/SP - Centro Logístico (280),,,,,BAD,802382,2025-01-22,5557379037,2024-07-17,,2025-11-01,Dado simulado para importação inicial (SGA 2.0)
SAP_EXPORT_SIMULADO,MAT-182659,RT-JUNIPER-ST2000,ROUTER,Juniper,F36WA7SQRF1L,,1,UN,TRAGUE,Trague,12.345.678/0001-90,CLIENTE,32,Base Técnica - Brasília,BRASILIA,BASE_TECNICA,Brasília/DF - Base Técnica,,,,,EM_TRANSITO,152796,2024-08-02,5239129305,2024-12-12,187700,2025-09-11,Dado simulado para importação inicial (SGA 2.0)
SAP_EXPORT_SIMULADO,MAT-956255,SV-HPE-MX204,SERVER,Hpe,L90AOBT328W6,,1,UN,ARCDOU,Arcos Dourados,42.591.651/0001-43,FAISTON,33,Base Técnica - Rio,RIO_DE_JANEIRO,BASE_TECNICA,Rio de Janeiro/RJ - Base Técnica,,,,,BAD,786393,2024-09-23,5365989408,2024-12-27,,2025-07-29,Dado simulado para importação inicial (SGA 2.0)
SAP_EXPORT_SIMULADO,MAT-296653,SV-HPE-3850,SERVER,Hpe,ZE1HM38KSZBF,,1,UN,SUPMAN,Suporte & Manutenção,00.111.222/0001-33,FAISTON,31,Base Técnica - Curitiba,CURITIBA,BASE_TECNICA,Curitiba/PR - Base Técnica,,,,,RESERVADO,961760,2024-11-10,5114849044,2025-04-18,,2025-11-16,Dado simulado para importação inicial (SGA 2.0)
SAP_EXPORT_SIMULADO,MAT-285810,RT-MIKROTIK-AP535,ROUTER,Mikrotik,1BWYE6QVS8A0,,1,UN,FAISTON,Stock Faiston (Sem Projeto),,FAISTON,03,Barueri - Estoque Operacional,BARUERI,CD,Barueri/SP - Centro Logístico (280),,,,,BAD,553834,2024-08-27,5992535669,2024-08-01,,2025-12-08,Dado simulado para importação inicial (SGA 2.0)
SAP_EXPORT_SIMULADO,MAT-404694,HD-SAMSUNG-T14,DISK,Samsung,SN961J88QEOZ,E20079156775597685840130,1,UN,TRAGUE,Trague,12.345.678/0001-90,CLIENTE,31,Base Técnica - Curitiba,CURITIBA,BASE_TECNICA,Curitiba/PR - Base Técnica,,,,,EM_TRANSITO,846454,2025-05-26,5215703009,2025-06-03,,2025-12-20,Dado simulado para importação inicial (SGA 2.0)
SAP_EXPORT_SIMULADO,MAT-506380,RT-MIKROTIK-ProBook-450,ROUTER,Mikrotik,9YFC2HTMQWYU,,1,UN,NTT,NTT Data,03.684.740/0001-69,FAISTON,05,Barueri - BAD/Retorno,BARUERI,CD,Barueri/SP - Centro Logístico (280),,,,,BAD,635740,2025-03-15,5744034445,2025-11-16,,2025-08-15,Dado simulado para importação inicial (SGA 2.0)
SAP_EXPORT_SIMULADO,MAT-870786,SW-CISCO-870EVO,SWITCH,Cisco,H54PIWZNV0H0,,1,UN,ARCDOU,Arcos Dourados,42.591.651/0001-43,CLIENTE,20,Self Storage,SELF_STORAGE,SELF_STORAGE,Self Storage - Barueri/SP,,,,,RESERVADO,570616,2025-07-06,5732999366,2025-10-19,185694,2025-09-16,Dado simulado para importação inicial (SGA 2.0)
SAP_EXPORT_SIMULADO,MAT-645895,NB-HP-2960X,NOTEBOOK,Hp,EVJLZFFLB7WX,E20054386329645761326920,1,UN,EVOTEC,Evotech,04.123.456/0001-10,CLIENTE,20,Self Storage,SELF_STORAGE,SELF_STORAGE,Self Storage - Barueri/SP,,,,,EM_REVERSA,176421,2025-02-12,5564138658,2025-05-23,,2025-10-13,Dado simulado para importação inicial (SGA 2.0)
SAP_EXPORT_SIMULADO,MAT-818699,SW-CISCO-ProBook-450,SWITCH,Cisco,J0AS1SSRKXLC,,1,UN,TRAGUE,Trague,12.345.678/0001-90,FAISTON,32,Base Técnica - Brasília,BRASILIA,BASE_TECNICA,Brasília/DF - Base Técnica,,,,,EM_ESTOQUE,910883,2025-12-27,5673164268,2025-10-28,186985,2025-07-08,Dado simulado para importação inicial (SGA 2.0)
SAP_EXPORT_SIMULADO,MAT-660814,SV-LENOVO-9200,SERVER,Lenovo,0FQLDB2UUIJN,,1,UN,FAISTON,Stock Faiston (Sem Projeto),,FAISTON,03,Barueri - Estoque Operacional,BARUERI,CD,Barueri/SP - Centro Logístico (280),,,,,DESCARTE,524094,2024-10-17,5339736473,2025-12-17,183876,2025-12-18,Dado simulado para importação inicial (SGA 2.0)
SAP_EXPORT_SIMULADO,MAT-990731,NB-HP-R640,NOTEBOOK,Hp,ZC7D2KD1POXR,E20069773955105593793465,1,UN,FAISTON,Stock Faiston (Sem Projeto),,FAISTON,01,Barueri - Recebimento,BARUERI,CD,Barueri/SP - Centro Logístico (280),,,,,BAD,330545,2025-08-17,5801820909,2024-11-29,,2025-11-23,Dado simulado para importação inicial (SGA 2.0)
SAP_EXPORT_SIMULADO,MAT-302897,AP-ARUBA-DL380,ACCESS_POINT,Aruba,GG24479QTKCD,,1,UN,NTT,NTT Data,03.684.740/0001-69,CLIENTE,20,Self Storage,SELF_STORAGE,SELF_STORAGE,Self Storage - Barueri/SP,,,,,DESCARTE,446922,2025-01-03,5137669962,2025-05-08,182287,2025-07-30,Dado simulado para importação inicial (SGA 2.0)
SAP_EXPORT_SIMULADO,MAT-214119,RT-MIKROTIK-AP535,ROUTER,Mikrotik,UNLPAIH0P4E0,,1,UN,FAISTON,Stock Faiston (Sem Projeto),,FAISTON,05,Barueri - BAD/Retorno,BARUERI,CD,Barueri/SP - Centro Logístico (280),,,,,BAD,566991,2025-01-01,5831899691,2025-02-25,,2025-10-24,Dado simulado para importação inicial (SGA 2.0)
SAP_EXPORT_SIMULADO,MAT-868844,NB-DELL-R640,NOTEBOOK,Dell,J5CCASBUOV6T,,1,UN,NTT,NTT Data,03.684.740/0001-69,CLIENTE,07,Barueri - Descarte,BARUERI,CD,Barueri/SP - Centro Logístico (280),,,,,DESCARTE,785672,2025-08-04,5392794766,2024-11-28,199320,2025-08-26,Dado simulado para importação inicial (SGA 2.0)
SAP_EXPORT_SIMULADO,MAT-487380,SV-DELL-MX204,SERVER,Dell,SX43WFSQG8X8,,1,UN,ARCDOU,Arcos Dourados,42.591.651/0001-43,CLIENTE,31,Base Técnica - Curitiba,CURITIBA,BASE_TECNICA,Curitiba/PR - Base Técnica,,,,,DESCARTE,476224,2025-11-23,5234955233,2024-08-22,188662,2025-08-24,Dado simulado para importação inicial (SGA 2.0)
SAP_EXPORT_SIMULADO,MAT-641455,SV-HPE-Latitude-5440,SERVER,Hpe,75BXD8WJ0UUN,,1,UN,EVOTEC,Evotech,04.123.456/0001-10,CLIENTE,33,Base Técnica - Rio,RIO_DE_JANEIRO,BASE_TECNICA,Rio de Janeiro/RJ - Base Técnica,,,,,EM_REVERSA,716225,2025-10-16,5554762561,2025-04-21,187303,2025-10-07,Dado simulado para importação inicial (SGA 2.0)
SAP_EXPORT_SIMULADO,MAT-778700,SV-DELL-ProBook-450,SERVER,Dell,SFFCXHGNZEI3,,1,UN,TRAGUE,Trague,12.345.678/0001-90,FAISTON,01,Barueri - Recebimento,BARUERI,CD,Barueri/SP - Centro Logístico (280),,,,,DESCARTE,604906,2024-08-31,5514345062,2025-06-02,,2025-12-02,Dado simulado para importação inicial (SGA 2.0)
SAP_EXPORT_SIMULADO,MAT-278852,NB-LENOVO-MX204,NOTEBOOK,Lenovo,ES6FF7SO8W50,,1,UN,SUPMAN,Suporte & Manutenção,00.111.222/0001-33,FAISTON,05,Barueri - BAD/Retorno,BARUERI,CD,Barueri/SP - Centro Logístico (280),,,,,EM_REVERSA,327114,2024-10-01,5651252216,2024-09-08,,2025-08-07,Dado simulado para importação inicial (SGA 2.0)
SAP_EXPORT_SIMULADO,MAT-197716,NB-HP-WD10,NOTEBOOK,Hp,J0MQVINDH4SP,E20068876530528735776014,1,UN,NTT,NTT Data,03.684.740/0001-69,FAISTON,41,Técnico - Estoque Avançado,FIELD,TECNICO,Curitiba/PR - Técnico,TEC-0012,Marcos,Curitiba,PR,RESERVADO,598985,2025-11-25,5942479718,2024-08-06,,2025-11-05,Dado simulado para importação inicial (SGA 2.0)
SAP_EXPORT_SIMULADO,MAT-813666,RT-CISCO-Latitude-5440,ROUTER,Cisco,OGZ2UEAXYLNF,,1,UN,ARCDOU,Arcos Dourados,42.591.651/0001-43,CLIENTE,41,Técnico - Estoque Avançado,FIELD,TECNICO,Brasília/DF - Técnico,TEC-0021,Ana,Brasília,DF,DESCARTE,996508,2024-10-27,5606310053,2024-12-25,,2025-08-14,Dado simulado para importação inicial (SGA 2.0)
SAP_EXPORT_SIMULADO,MAT-743852,AP-CISCO-9300,ACCESS_POINT,Cisco,UR9U1OE5EI28,,1,UN,TRAGUE,Trague,12.345.678/0001-90,FAISTON,31,Base Técnica - Curitiba,CURITIBA,BASE_TECNICA,Curitiba/PR - Base Técnica,,,,,EM_ESTOQUE,633036,2024-11-19,5844048177,2025-01-22,,2025-07-25,Dado simulado para importação inicial (SGA 2.0)
SAP_EXPORT_SIMULADO,MAT-922041,SW-JUNIPER-870EVO,SWITCH,Juniper,QVDJNV07OXK8,,1,UN,ARCDOU,Arcos Dourados,42.591.651/0001-43,CLIENTE,05,Barueri - BAD/Retorno,BARUERI,CD,Barueri/SP - Centro Logístico (280),,,,,EM_REVERSA,560295,2025-12-24,5216581500,2024-07-22,181101,2025-07-30,Dado simulado para importação inicial (SGA 2.0)
SAP_EXPORT_SIMULADO,MAT-523579,HD-WD-9200,DISK,Wd,MX9DJOYOHAZ7,E20055531525724342376884,1,UN,NTT,NTT Data,03.684.740/0001-69,CLIENTE,01,Barueri - Recebimento,BARUERI,CD,Barueri/SP - Centro Logístico (280),,,,,DESCARTE,464354,2025-03-26,5242982954,2025-06-18,,2025-10-29,Dado simulado para importação inicial (SGA 2.0)
SAP_EXPORT_SIMULADO,MAT-623238,SV-DELL-AP-305,SERVER,Dell,YIL8SA3IDY3C,,1,UN,ARCDOU,Arcos Dourados,42.591.651/0001-43,CLIENTE,07,Barueri - Descarte,BARUERI,CD,Barueri/SP - Centro Logístico (280),,,,,DESCARTE,429119,2025-01-06,5234683594,2025-04-03,186231,2025-10-28,Dado simulado para importação inicial (SGA 2.0)
SAP_EXPORT_SIMULADO,MAT-635962,AP-ARUBA-RB4011,ACCESS_POINT,Aruba,44M2EC8RA484,,1,UN,NTT,NTT Data,03.684.740/0001-69,CLIENTE,07,Barueri - Descarte,BARUERI,CD,Barueri/SP - Centro Logístico (280),,,,,DESCARTE,616256,2025-03-28,5526998235,2025-06-30,,2025-08-09,Dado simulado para importação inicial (SGA 2.0)
SAP_EXPORT_SIMULADO,MAT-348658,SW-ARUBA-RB4011,SWITCH,Aruba,2RTSOYG9ZQYA,,1,UN,NTT,NTT Data,03.684.740/0001-69,CLIENTE,41,Técnico - Estoque Avançado,FIELD,TECNICO,São Luís/MA - Técnico,TEC-0040,Rafaela,São Luís,MA,RESERVADO,205641,2025-02-04,5388267537,2025-04-13,188613,2025-10-08,Dado simulado para importação inicial (SGA 2.0)
SAP_EXPORT_SIMULADO,MAT-874417,AP-ARUBA-AP515,ACCESS_POINT,Aruba,PP1NOQU9Y3Z2,,1,UN,EVOTEC,Evotech,04.123.456/0001-10,CLIENTE,33,Base Técnica - Rio,RIO_DE_JANEIRO,BASE_TECNICA,Rio de Janeiro/RJ - Base Técnica,,,,,BAD,997904,2024-12-09,5210521278,2025-08-07,,2025-11-19,Dado simulado para importação inicial (SGA 2.0)
SAP_EXPORT_SIMULADO,MAT-949363,SV-HPE-RB4011,SERVER,Hpe,94SZ2KUUOYC3,E20018915617364783261183,1,UN,TRAGUE,Trague,12.345.678/0001-90,CLIENTE,05,Barueri - BAD/Retorno,BARUERI,CD,Barueri/SP - Centro Logístico (280),,,,,EM_REVERSA,880762,2025-01-26,5278924968,2024-12-30,198267,2025-07-26,Dado simulado para importação inicial (SGA 2.0)
SAP_EXPORT_SIMULADO,MAT-231113,NB-HP-MX204,NOTEBOOK,Hp,4CFILKJXJQ5N,,1,UN,SUPMAN,Suporte & Manutenção,00.111.222/0001-33,FAISTON,32,Base Técnica - Brasília,BRASILIA,BASE_TECNICA,Brasília/DF - Base Técnica,,,,,BAD,646240,2024-09-29,5444517369,2025-07-16,180756,2025-07-08,Dado simulado para importação inicial (SGA 2.0)
SAP_EXPORT_SIMULADO,MAT-237654,SW-CISCO-870EVO,SWITCH,Cisco,GDC5TAO1CJFX,E20068349524961566556335,1,UN,FAISTON,Stock Faiston (Sem Projeto),,FAISTON,07,Barueri - Descarte,BARUERI,CD,Barueri/SP - Centro Logístico (280),,,,,DESCARTE,424398,2025-05-14,5265639987,2025-03-19,184142,2025-12-12,Dado simulado para importação inicial (SGA 2.0)
SAP_EXPORT_SIMULADO,MAT-297731,RT-MIKROTIK-ProBook-450,ROUTER,Mikrotik,OFAS1EKTYR1K,,1,UN,TRAGUE,Trague,12.345.678/0001-90,CLIENTE,31,Base Técnica - Curitiba,CURITIBA,BASE_TECNICA,Curitiba/PR - Base Técnica,,,,,EM_REVERSA,726003,2025-05-12,5855522471,2025-12-27,,2025-11-01,Dado simulado para importação inicial (SGA 2.0)
SAP_EXPORT_SIMULADO,MAT-385353,HD-SEAGATE-WD10,DISK,Seagate,3HCWS2WYJXTJ,,2,UN,NTT,NTT Data,03.684.740/0001-69,FAISTON,32,Base Técnica - Brasília,BRASILIA,BASE_TECNICA,Brasília/DF - Base Técnica,,,,,RESERVADO,403662,2025-09-12,5683858343,2024-09-24,,2025-11-26,Dado simulado para importação inicial (SGA 2.0)
SAP_EXPORT_SIMULADO,MAT-174852,NB-DELL-WD10,NOTEBOOK,Dell,GDJZ0IFRML29,,1,UN,ARCDOU,Arcos Dourados,42.591.651/0001-43,FAISTON,01,Barueri - Recebimento,BARUERI,CD,Barueri/SP - Centro Logístico (280),,,,,EM_REVERSA,446290,2025-10-13,5905750942,2025-08-07,192858,2025-10-31,Dado simulado para importação inicial (SGA 2.0)
SAP_EXPORT_SIMULADO,MAT-769536,SW-CISCO-R640,SWITCH,Cisco,9ZN9I9H0DXHO,,1,UN,TRAGUE,Trague,12.345.678/0001-90,CLIENTE,03,Barueri - Estoque Operacional,BARUERI,CD,Barueri/SP - Centro Logístico (280),,,,,EM_TRANSITO,266316,2025-11-21,5799641923,2024-07-19,195768,2025-12-21,Dado simulado para importação inicial (SGA 2.0)
SAP_EXPORT_SIMULADO,MAT-454861,AP-CISCO-9300,ACCESS_POINT,Cisco,IPA2VOI8UYYF,,1,UN,FAISTON,Stock Faiston (Sem Projeto),,FAISTON,03,Barueri - Estoque Operacional,BARUERI,CD,Barueri/SP - Centro Logístico (280),,,,,EM_ESTOQUE,360804,2025-07-26,5536784164,2025-10-02,,2025-11-25,Dado simulado para importação inicial (SGA 2.0)
SAP_EXPORT_SIMULADO,MAT-613898,NB-HP-AP-305,NOTEBOOK,Hp,EI9212PGYME6,,1,UN,FAISTON,Stock Faiston (Sem Projeto),,FAISTON,03,Barueri - Estoque Operacional,BARUERI,CD,Barueri/SP - Centro Logístico (280),,,,,EM_REVERSA,840951,2024-10-12,5600248296,2025-03-08,,2025-10-06,Dado simulado para importação inicial (SGA 2.0)
SAP_EXPORT_SIMULADO,MAT-665136,HD-SEAGATE-Latitude-5440,DISK,Seagate,J36TCFKJNAWN,,2,UN,EVOTEC,Evotech,04.123.456/0001-10,CLIENTE,33,Base Técnica - Rio,RIO_DE_JANEIRO,BASE_TECNICA,Rio de Janeiro/RJ - Base Técnica,,,,,BAD,913712,2025-05-04,5344342661,2025-10-31,,2025-08-29,Dado simulado para importação inicial (SGA 2.0)
SAP_EXPORT_SIMULADO,MAT-735388,AP-CISCO-2960X,ACCESS_POINT,Cisco,LXDSC4E5HRDU,,1,UN,SUPMAN,Suporte & Manutenção,00.111.222/0001-33,FAISTON,20,Self Storage,SELF_STORAGE,SELF_STORAGE,Self Storage - Barueri/SP,,,,,EM_REVERSA,789880,2024-08-20,5564596387,2025-04-16,187232,2025-11-11,Dado simulado para importação inicial (SGA 2.0)
SAP_EXPORT_SIMULADO,MAT-657487,SV-DELL-Latitude-5440,SERVER,Dell,QXM0632CWT04,,1,UN,FAISTON,Stock Faiston (Sem Projeto),,FAISTON,03,Barueri - Estoque Operacional,BARUERI,CD,Barueri/SP - Centro Logístico (280),,,,,EM_ESTOQUE,326387,2024-07-21,5104281005,2025-09-22,,2025-07-19,Dado simulado para importação inicial (SGA 2.0)
SAP_EXPORT_SIMULADO,MAT-532373,NB-HP-ProBook-450,NOTEBOOK,Hp,UU01UYZPD2TS,,1,UN,NTT,NTT Data,03.684.740/0001-69,CLIENTE,05,Barueri - BAD/Retorno,BARUERI,CD,Barueri/SP - Centro Logístico (280),,,,,EM_REVERSA,469438,2025-02-15,5590645339,2025-02-05,,2025-11-03,Dado simulado para importação inicial (SGA 2.0)
SAP_EXPORT_SIMULADO,MAT-680557,NB-HP-870EVO,NOTEBOOK,Hp,NT0MQ8ABKAE6,,1,UN,SUPMAN,Suporte & Manutenção,00.111.222/0001-33,FAISTON,07,Barueri - Descarte,BARUERI,CD,Barueri/SP - Centro Logístico (280),,,,,DESCARTE,414922,2025-05-21,5230664237,2025-02-15,189042,2025-08-10,Dado simulado para importação inicial (SGA 2.0)
SAP_EXPORT_SIMULADO,MAT-500080,SW-CISCO-2960X,SWITCH,Cisco,QFJ6IJKUUHCL,,1,UN,NTT,NTT Data,03.684.740/0001-69,FAISTON,01,Barueri - Recebimento,BARUERI,CD,Barueri/SP - Centro Logístico (280),,,,,EM_REVERSA,611994,2025-09-28,5639124632,2025-03-02,198883,2025-10-10,Dado simulado para importação inicial (SGA 2.0)
SAP_EXPORT_SIMULADO,MAT-889410,SV-DELL-870EVO,SERVER,Dell,7E1047WWBSLU,,1,UN,EVOTEC,Evotech,04.123.456/0001-10,FAISTON,32,Base Técnica - Brasília,BRASILIA,BASE_TECNICA,Brasília/DF - Base Técnica,,,,,EM_TRANSITO,260639,2025-11-13,5723310328,2024-11-27,,2025-10-21,Dado simulado para importação inicial (SGA 2.0)
SAP_EXPORT_SIMULADO,MAT-193946,AP-UBIQUITI-3850,ACCESS_POINT,Ubiquiti,MR0TJOPZ1RHO,,1,UN,TRAGUE,Trague,12.345.678/0001-90,FAISTON,05,Barueri - BAD/Retorno,BARUERI,CD,Barueri/SP - Centro Logístico (280),,,,,EM_REVERSA,354085,2025-10-22,5285891368,2024-10-20,198874,2025-10-02,Dado simulado para importação inicial (SGA 2.0)
SAP_EXPORT_SIMULADO,MAT-959972,AP-CISCO-R640,ACCESS_POINT,Cisco,MX1GM32WP7IY,,1,UN,EVOTEC,Evotech,04.123.456/0001-10,FAISTON,31,Base Técnica - Curitiba,CURITIBA,BASE_TECNICA,Curitiba/PR - Base Técnica,,,,,RESERVADO,217830,2025-11-09,5260971128,2025-08-05,,2025-12-06,Dado simulado para importação inicial (SGA 2.0)
SAP_EXPORT_SIMULADO,MAT-155663,SV-LENOVO-ST2000,SERVER,Lenovo,AHTHSJR0FZAU,,1,UN,EVOTEC,Evotech,04.123.456/0001-10,FAISTON,33,Base Técnica - Rio,RIO_DE_JANEIRO,BASE_TECNICA,Rio de Janeiro/RJ - Base Técnica,,,,,DESCARTE,367865,2025-07-13,5064542674,2025-03-19,188889,2025-12-17,Dado simulado para importação inicial (SGA 2.0)
SAP_EXPORT_SIMULADO,MAT-419739,HD-WD-DL380,DISK,Wd,X6MDK5N9SZ6R,,1,UN,TRAGUE,Trague,12.345.678/0001-90,FAISTON,20,Self Storage,SELF_STORAGE,SELF_STORAGE,Self Storage - Barueri/SP,,,,,EM_ESTOQUE,308535,2024-08-09,5491759000,2025-12-12,197347,2025-11-24,Dado simulado para importação inicial (SGA 2.0)
SAP_EXPORT_SIMULADO,MAT-646012,RT-JUNIPER-MX204,ROUTER,Juniper,MK99JCJN9978,,1,UN,ARCDOU,Arcos Dourados,42.591.651/0001-43,FAISTON,31,Base Técnica - Curitiba,CURITIBA,BASE_TECNICA,Curitiba/PR - Base Técnica,,,,,RESERVADO,458388,2024-11-27,5705375110,2025-08-16,192524,2025-11-25,Dado simulado para importação inicial (SGA 2.0)
SAP_EXPORT_SIMULADO,MAT-862398,RT-JUNIPER-9200,ROUTER,Juniper,QEXUYHEY66P6,,1,UN,TRAGUE,Trague,12.345.678/0001-90,FAISTON,31,Base Técnica - Curitiba,CURITIBA,BASE_TECNICA,Curitiba/PR - Base Técnica,,,,,RESERVADO,432918,2025-10-26,5598439590,2025-09-04,184768,2025-09-20,Dado simulado para importação inicial (SGA 2.0)
SAP_EXPORT_SIMULADO,MAT-599753,RT-MIKROTIK-AP515,ROUTER,Mikrotik,03W0FGEA9WVW,,1,UN,TRAGUE,Trague,12.345.678/0001-90,FAISTON,33,Base Técnica - Rio,RIO_DE_JANEIRO,BASE_TECNICA,Rio de Janeiro/RJ - Base Técnica,,,,,BAD,342129,2025-12-08,5385753927,2025-10-14,,2025-09-05,Dado simulado para importação inicial (SGA 2.0)
SAP_EXPORT_SIMULADO,MAT-358771,HD-WD-ProBook-450,DISK,Wd,GNRFIO878IYH,,2,UN,FAISTON,Stock Faiston (Sem Projeto),,FAISTON,31,Base Técnica - Curitiba,CURITIBA,BASE_TECNICA,Curitiba/PR - Base Técnica,,,,,EM_REVERSA,747033,2024-08-20,5738586956,2025-02-05,,2025-08-01,Dado simulado para importação inicial (SGA 2.0)
SAP_EXPORT_SIMULADO,MAT-761282,SV-DELL-9300,SERVER,Dell,O7UTXZBDQ55I,,1,UN,FAISTON,Stock Faiston (Sem Projeto),,FAISTON,31,Base Técnica - Curitiba,CURITIBA,BASE_TECNICA,Curitiba/PR - Base Técnica,,,,,BAD,514828,2025-11-24,5598826833,2024-12-03,,2025-09-24,Dado simulado para importação inicial (SGA 2.0)
SAP_EXPORT_SIMULADO,MAT-718990,RT-JUNIPER-AP-305,ROUTER,Juniper,FK7Y6QXDSGV6,E20036717076077961501388,1,UN,EVOTEC,Evotech,04.123.456/0001-10,FAISTON,33,Base Técnica - Rio,RIO_DE_JANEIRO,BASE_TECNICA,Rio de Janeiro/RJ - Base Técnica,,,,,BAD,512160,2024-11-06,5347313528,2024-09-29,194866,2025-11-23,Dado simulado para importação inicial (SGA 2.0)
SAP_EXPORT_SIMULADO,MAT-598820,AP-ARUBA-ST2000,ACCESS_POINT,Aruba,PL1QWEEHWJQ4,,1,UN,NTT,NTT Data,03.684.740/0001-69,FAISTON,01,Barueri - Recebimento,BARUERI,CD,Barueri/SP - Centro Logístico (280),,,,,BAD,737517,2024-08-16,5255419939,2025-05-26,,2025-08-03,Dado simulado para importação inicial (SGA 2.0)
SAP_EXPORT_SIMULADO,MAT-269172,SW-JUNIPER-R640,SWITCH,Juniper,5KW3HGBMFBUV,,1,UN,SUPMAN,Suporte & Manutenção,00.111.222/0001-33,FAISTON,07,Barueri - Descarte,BARUERI,CD,Barueri/SP - Centro Logístico (280),,,,,DESCARTE,191962,2025-11-14,5116917219,2024-11-03,,2025-07-08,Dado simulado para importação inicial (SGA 2.0)
SAP_EXPORT_SIMULADO,MAT-829630,NB-HP-AP-305,NOTEBOOK,Hp,GQU7DKNNCPTK,E20059507677482569647488,1,UN,SUPMAN,Suporte & Manutenção,00.111.222/0001-33,FAISTON,41,Técnico - Estoque Avançado,FIELD,TECNICO,Rio de Janeiro/RJ - Técnico,TEC-0007,José,Rio de Janeiro,RJ,RESERVADO,828361,2025-03-28,5353484964,2024-07-13,186876,2025-11-05,Dado simulado para importação inicial (SGA 2.0)
SAP_EXPORT_SIMULADO,MAT-676710,RT-CISCO-DL380,ROUTER,Cisco,AAWE429OMUWA,E20033598189440114884890,1,UN,FAISTON,Stock Faiston (Sem Projeto),,FAISTON,07,Barueri - Descarte,BARUERI,CD,Barueri/SP - Centro Logístico (280),,,,,DESCARTE,823535,2025-03-21,5273178728,2025-10-26,196603,2025-08-23,Dado simulado para importação inicial (SGA 2.0)
SAP_EXPORT_SIMULADO,MAT-429776,NB-LENOVO-9300,NOTEBOOK,Lenovo,TAUL62CF4MNT,,1,UN,EVOTEC,Evotech,04.123.456/0001-10,CLIENTE,31,Base Técnica - Curitiba,CURITIBA,BASE_TECNICA,Curitiba/PR - Base Técnica,,,,,RESERVADO,296481,2025-09-06,5928350403,2025-02-22,,2025-08-29,Dado simulado para importação inicial (SGA 2.0)
SAP_EXPORT_SIMULADO,MAT-962074,RT-MIKROTIK-870EVO,ROUTER,Mikrotik,3KSGNBHDS26F,,1,UN,NTT,NTT Data,03.684.740/0001-69,CLIENTE,33,Base Técnica - Rio,RIO_DE_JANEIRO,BASE_TECNICA,Rio de Janeiro/RJ - Base Técnica,,,,,EM_TRANSITO,868020,2024-07-16,5333245127,2025-02-02,183219,2025-11-12,Dado simulado para importação inicial (SGA 2.0)
SAP_EXPORT_SIMULADO,MAT-400487,SW-JUNIPER-RB4011,SWITCH,Juniper,N5ELB45L6D10,,1,UN,FAISTON,Stock Faiston (Sem Projeto),,FAISTON,33,Base Técnica - Rio,RIO_DE_JANEIRO,BASE_TECNICA,Rio de Janeiro/RJ - Base Técnica,,,,,EM_ESTOQUE,705615,2025-02-18,5685960873,2025-06-03,186309,2025-09-13,Dado simulado para importação inicial (SGA 2.0)
SAP_EXPORT_SIMULADO,MAT-593602,SW-CISCO-9300,SWITCH,Cisco,FJAWSHMLFZKI,,1,UN,FAISTON,Stock Faiston (Sem Projeto),,FAISTON,20,Self Storage,SELF_STORAGE,SELF_STORAGE,Self Storage - Barueri/SP,,,,,EM_ESTOQUE,426503,2025-01-22,5580440242,2024-10-06,180950,2025-12-12,Dado simulado para importação inicial (SGA 2.0)
SAP_EXPORT_SIMULADO,MAT-593403,SV-DELL-MX204,SERVER,Dell,Z6WYQMLH13C7,E20082319383401482355471,1,UN,TRAGUE,Trague,12.345.678/0001-90,FAISTON,05,Barueri - BAD/Retorno,BARUERI,CD,Barueri/SP - Centro Logístico (280),,,,,EM_REVERSA,952336,2024-09-11,5104435349,2024-09-24,195250,2025-08-14,Dado simulado para importação inicial (SGA 2.0)
SAP_EXPORT_SIMULADO,MAT-846490,SW-CISCO-WD10,SWITCH,Cisco,TOOWT9NM3V2P,,1,UN,FAISTON,Stock Faiston (Sem Projeto),,FAISTON,20,Self Storage,SELF_STORAGE,SELF_STORAGE,Self Storage - Barueri/SP,,,,,EM_TRANSITO,670977,2025-05-07,5185849093,2025-10-16,,2025-09-07,Dado simulado para importação inicial (SGA 2.0)
SAP_EXPORT_SIMULADO,MAT-405663,NB-HP-Latitude-5440,NOTEBOOK,Hp,3G8CD31NRXD3,,1,UN,EVOTEC,Evotech,04.123.456/0001-10,FAISTON,03,Barueri - Estoque Operacional,BARUERI,CD,Barueri/SP - Centro Logístico (280),,,,,BAD,893853,2025-08-06,5709615999,2025-08-04,,2025-11-14,Dado simulado para importação inicial (SGA 2.0)
SAP_EXPORT_SIMULADO,MAT-132699,HD-WD-MX204,DISK,Wd,K2Y77Z69UWS4,,1,UN,NTT,NTT Data,03.684.740/0001-69,CLIENTE,31,Base Técnica - Curitiba,CURITIBA,BASE_TECNICA,Curitiba/PR - Base Técnica,,,,,EM_ESTOQUE,675547,2025-11-10,5000905503,2025-01-01,189247,2025-09-25,Dado simulado para importação inicial (SGA 2.0)
SAP_EXPORT_SIMULADO,MAT-242371,RT-CISCO-2960X,ROUTER,Cisco,OPHGFT4MPK5E,,1,UN,FAISTON,Stock Faiston (Sem Projeto),,FAISTON,32,Base Técnica - Brasília,BRASILIA,BASE_TECNICA,Brasília/DF - Base Técnica,,,,,EM_ESTOQUE,175231,2025-12-18,5154614401,2024-08-23,,2025-09-19,Dado simulado para importação inicial (SGA 2.0)
SAP_EXPORT_SIMULADO,MAT-218661,HD-SAMSUNG-WD10,DISK,Samsung,WQP3NIPAR0ZJ,E20075872556266665569504,1,UN,TRAGUE,Trague,12.345.678/0001-90,CLIENTE,32,Base Técnica - Brasília,BRASILIA,BASE_TECNICA,Brasília/DF - Base Técnica,,,,,BAD,135087,2025-11-26,5610045960,2024-08-27,,2025-09-05,Dado simulado para importação inicial (SGA 2.0)
SAP_EXPORT_SIMULADO,MAT-180595,HD-WD-RB4011,DISK,Wd,P82KB700UCRG,E20028011514827478301914,4,UN,SUPMAN,Suporte & Manutenção,00.111.222/0001-33,FAISTON,31,Base Técnica - Curitiba,CURITIBA,BASE_TECNICA,Curitiba/PR - Base Técnica,,,,,DESCARTE,754643,2025-12-07,5307965966,2024-08-25,196567,2025-09-20,Dado simulado para importação inicial (SGA 2.0)
SAP_EXPORT_SIMULADO,MAT-112439,AP-ARUBA-R640,ACCESS_POINT,Aruba,0GU4BJ3BQRR8,,1,UN,TRAGUE,Trague,12.345.678/0001-90,FAISTON,33,Base Técnica - Rio,RIO_DE_JANEIRO,BASE_TECNICA,Rio de Janeiro/RJ - Base Técnica,,,,,BAD,498249,2024-11-30,5509586681,2025-04-10,194245,2025-10-15,Dado simulado para importação inicial (SGA 2.0)
SAP_EXPORT_SIMULADO,MAT-288656,HD-SAMSUNG-DL380,DISK,Samsung,DTM4VXJJ2JVQ,E20000456372060582519063,1,UN,SUPMAN,Suporte & Manutenção,00.111.222/0001-33,FAISTON,01,Barueri - Recebimento,BARUERI,CD,Barueri/SP - Centro Logístico (280),,,,,RESERVADO,869983,2025-06-18,5558294552,2025-01-23,,2025-07-22,Dado simulado para importação inicial (SGA 2.0)
SAP_EXPORT_SIMULADO,MAT-370782,AP-CISCO-RB4011,ACCESS_POINT,Cisco,ZJQ7W7JP61LF,,1,UN,SUPMAN,Suporte & Manutenção,00.111.222/0001-33,FAISTON,03,Barueri - Estoque Operacional,BARUERI,CD,Barueri/SP - Centro Logístico (280),,,,,EM_ESTOQUE,390756,2025-11-01,5411027302,2024-12-02,181968,2025-08-31,Dado simulado para importação inicial (SGA 2.0)
SAP_EXPORT_SIMULADO,MAT-796889,NB-LENOVO-Latitude-5440,NOTEBOOK,Lenovo,GRF1HX6ZDCUJ,E20033077447802367159330,1,UN,NTT,NTT Data,03.684.740/0001-69,FAISTON,32,Base Técnica - Brasília,BRASILIA,BASE_TECNICA,Brasília/DF - Base Técnica,,,,,EM_REVERSA,621877,2025-08-04,5701008808,2026-01-03,,2025-07-22,Dado simulado para importação inicial (SGA 2.0)
SAP_EXPORT_SIMULADO,MAT-126596,RT-JUNIPER-MX204,ROUTER,Juniper,4M41KHT8XKOD,,1,UN,ARCDOU,Arcos Dourados,42.591.651/0001-43,CLIENTE,41,Técnico - Estoque Avançado,FIELD,TECNICO,Rio Branco/AC - Técnico,TEC-0034,Paulo,Rio Branco,AC,DESCARTE,188984,2024-10-12,5789548331,2025-06-23,186327,2025-08-18,Dado simulado para importação inicial (SGA 2.0)
SAP_EXPORT_SIMULADO,MAT-138669,RT-JUNIPER-AP515,ROUTER,Juniper,T4Q9BC2BE3YQ,,1,UN,FAISTON,Stock Faiston (Sem Projeto),,FAISTON,33,Base Técnica - Rio,RIO_DE_JANEIRO,BASE_TECNICA,Rio de Janeiro/RJ - Base Técnica,,,,,DESCARTE,662625,2025-08-04,5795697985,2025-05-10,,2025-09-05,Dado simulado para importação inicial (SGA 2.0)
SAP_EXPORT_SIMULADO,MAT-439984,SW-JUNIPER-3850,SWITCH,Juniper,ZEGBL2QGV3DR,,1,UN,SUPMAN,Suporte & Manutenção,00.111.222/0001-33,FAISTON,07,Barueri - Descarte,BARUERI,CD,Barueri/SP - Centro Logístico (280),,,,,DESCARTE,331287,2025-10-31,5863775406,2025-06-10,193173,2025-11-29,Dado simulado para importação inicial (SGA 2.0)
SAP_EXPORT_SIMULADO,MAT-288128,AP-UBIQUITI-2960X,ACCESS_POINT,Ubiquiti,VMEFOZTP7BD4,,1,UN,EVOTEC,Evotech,04.123.456/0001-10,CLIENTE,01,Barueri - Recebimento,BARUERI,CD,Barueri/SP - Centro Logístico (280),,,,,BAD,915437,2025-07-26,5016782928,2024-08-23,180236,2025-10-23,Dado simulado para importação inicial (SGA 2.0)
SAP_EXPORT_SIMULADO,MAT-200331,HD-SAMSUNG-T14,DISK,Samsung,YHXSO7VBGR8W,,1,UN,TRAGUE,Trague,12.345.678/0001-90,CLIENTE,33,Base Técnica - Rio,RIO_DE_JANEIRO,BASE_TECNICA,Rio de Janeiro/RJ - Base Técnica,,,,,EM_TRANSITO,104792,2025-05-07,5206054135,2025-09-05,,2025-09-07,Dado simulado para importação inicial (SGA 2.0)
SAP_EXPORT_SIMULADO,MAT-284431,HD-SEAGATE-AP535,DISK,Seagate,JG2Y8RGYBXKP,,1,UN,FAISTON,Stock Faiston (Sem Projeto),,FAISTON,07,Barueri - Descarte,BARUERI,CD,Barueri/SP - Centro Logístico (280),,,,,DESCARTE,145421,2025-09-19,5795016576,2025-11-11,,2025-12-05,Dado simulado para importação inicial (SGA 2.0)
SAP_EXPORT_SIMULADO,MAT-577092,AP-ARUBA-AP535,ACCESS_POINT,Aruba,VLHYL2LD05NH,,1,UN,ARCDOU,Arcos Dourados,42.591.651/0001-43,CLIENTE,33,Base Técnica - Rio,RIO_DE_JANEIRO,BASE_TECNICA,Rio de Janeiro/RJ - Base Técnica,,,,,EM_REVERSA,156978,2024-10-14,5155629507,2025-05-27,,2025-09-08,Dado simulado para importação inicial (SGA 2.0)
SAP_EXPORT_SIMULADO,MAT-612977,AP-UBIQUITI-AP-305,ACCESS_POINT,Ubiquiti,9HEYCE4QGM5V,,1,UN,FAISTON,Stock Faiston (Sem Projeto),,FAISTON,31,Base Técnica - Curitiba,CURITIBA,BASE_TECNICA,Curitiba/PR - Base Técnica,,,,,DESCARTE,741233,2025-07-13,5620753175,2025-05-13,197097,2025-09-07,Dado simulado para importação inicial (SGA 2.0)
SAP_EXPORT_SIMULADO,MAT-352194,SW-JUNIPER-2960X,SWITCH,Juniper,0ILU6VFUA9BQ,,1,UN,EVOTEC,Evotech,04.123.456/0001-10,FAISTON,32,Base Técnica - Brasília,BRASILIA,BASE_TECNICA,Brasília/DF - Base Técnica,,,,,BAD,546376,2024-11-26,5514611532,2025-09-25,,2025-07-10,Dado simulado para importação inicial (SGA 2.0)
SAP_EXPORT_SIMULADO,MAT-838094,SV-LENOVO-9200,SERVER,Lenovo,EKXDRKZ40AQ1,E20083042957708709681363,1,UN,FAISTON,Stock Faiston (Sem Projeto),,FAISTON,07,Barueri - Descarte,BARUERI,CD,Barueri/SP - Centro Logístico (280),,,,,DESCARTE,525051,2025-06-28,5848104335,2024-12-20,,2025-11-20,Dado simulado para importação inicial (SGA 2.0)
SAP_EXPORT_SIMULADO,MAT-490923,NB-LENOVO-T14,NOTEBOOK,Lenovo,U1EMTX015Z11,,1,UN,FAISTON,Stock Faiston (Sem Projeto),,FAISTON,03,Barueri - Estoque Operacional,BARUERI,CD,Barueri/SP - Centro Logístico (280),,,,,EM_TRANSITO,469844,2025-04-05,5540699840,2024-10-27,182076,2025-08-22,Dado simulado para importação inicial (SGA 2.0)
SAP_EXPORT_SIMULADO,MAT-620438,SV-DELL-AP515,SERVER,Dell,YTKW2837C6QC,,1,UN,ARCDOU,Arcos Dourados,42.591.651/0001-43,CLIENTE,41,Técnico - Estoque Avançado,FIELD,TECNICO,Rio de Janeiro/RJ - Técnico,TEC-0007,José,Rio de Janeiro,RJ,RESERVADO,214677,2025-07-19,5296291256,2025-09-11,,2025-07-27,Dado simulado para importação inicial (SGA 2.0)
SAP_EXPORT_SIMULADO,MAT-694806,RT-JUNIPER-AP515,ROUTER,Juniper,8TEMPXKC5I8X,E20024970341972986612031,1,UN,ARCDOU,Arcos Dourados,42.591.651/0001-43,CLIENTE,32,Base Técnica - Brasília,BRASILIA,BASE_TECNICA,Brasília/DF - Base Técnica,,,,,EM_REVERSA,787614,2025-02-03,5521997861,2024-10-05,,2025-10-29,Dado simulado para importação inicial (SGA 2.0)
SAP_EXPORT_SIMULADO,MAT-596931,AP-UBIQUITI-R640,ACCESS_POINT,Ubiquiti,UBLMNTFK7ORF,,1,UN,EVOTEC,Evotech,04.123.456/0001-10,CLIENTE,07,Barueri - Descarte,BARUERI,CD,Barueri/SP - Centro Logístico (280),,,,,DESCARTE,263633,2025-12-30,5792952947,2024-08-02,189684,2025-08-12,Dado simulado para importação inicial (SGA 2.0)
SAP_EXPORT_SIMULADO,MAT-664566,SV-LENOVO-ST2000,SERVER,Lenovo,Y06FTLO4QDBX,,1,UN,FAISTON,Stock Faiston (Sem Projeto),,FAISTON,31,Base Técnica - Curitiba,CURITIBA,BASE_TECNICA,Curitiba/PR - Base Técnica,,,,,BAD,652005,2025-05-21,5838896611,2025-03-25,182739,2025-12-12,Dado simulado para importação inicial (SGA 2.0)
SAP_EXPORT_SIMULADO,MAT-535798,SV-HPE-ST2000,SERVER,Hpe,RVSCYOZPNAML,E20078748513953953062145,1,UN,SUPMAN,Suporte & Manutenção,00.111.222/0001-33,FAISTON,07,Barueri - Descarte,BARUERI,CD,Barueri/SP - Centro Logístico (280),,,,,DESCARTE,688285,2025-10-06,5231600910,2024-10-06,,2025-11-29,Dado simulado para importação inicial (SGA 2.0)
SAP_EXPORT_SIMULADO,MAT-821255,AP-CISCO-MX204,ACCESS_POINT,Cisco,KR3KVR0I2FKX,E20029075586461558103811,1,UN,NTT,NTT Data,03.684.740/0001-69,CLIENTE,32,Base Técnica - Brasília,BRASILIA,BASE_TECNICA,Brasília/DF - Base Técnica,,,,,DESCARTE,230208,2025-03-15,5447918677,2025-07-04,,2025-10-26,Dado simulado para importação inicial (SGA 2.0)
SAP_EXPORT_SIMULADO,MAT-113524,SV-LENOVO-AP515,SERVER,Lenovo,BKXCGW1VGLL4,,1,UN,EVOTEC,Evotech,04.123.456/0001-10,CLIENTE,31,Base Técnica - Curitiba,CURITIBA,BASE_TECNICA,Curitiba/PR - Base Técnica,,,,,EM_TRANSITO,818739,2024-12-28,5102900339,2025-01-08,,2025-09-01,Dado simulado para importação inicial (SGA 2.0)
SAP_EXPORT_SIMULADO,MAT-426708,RT-CISCO-T14,ROUTER,Cisco,DFHG6W3STT1E,,1,UN,TRAGUE,Trague,12.345.678/0001-90,FAISTON,05,Barueri - BAD/Retorno,BARUERI,CD,Barueri/SP - Centro Logístico (280),,,,,EM_REVERSA,958620,2025-08-22,5991503672,2025-12-17,,2025-08-04,Dado simulado para importação inicial (SGA 2.0)
SAP_EXPORT_SIMULADO,MAT-134385,RT-MIKROTIK-870EVO,ROUTER,Mikrotik,ZB3I4FIEECY2,E20012067792913089931572,1,UN,SUPMAN,Suporte & Manutenção,00.111.222/0001-33,FAISTON,05,Barueri - BAD/Retorno,BARUERI,CD,Barueri/SP - Centro Logístico (280),,,,,EM_REVERSA,912323,2024-08-26,5813181224,2024-10-19,183532,2025-08-11,Dado simulado para importação inicial (SGA 2.0)
SAP_EXPORT_SIMULADO,MAT-544692,SW-JUNIPER-AP-305,SWITCH,Juniper,TZ8G1A0774RZ,,1,UN,ARCDOU,Arcos Dourados,42.591.651/0001-43,CLIENTE,01,Barueri - Recebimento,BARUERI,CD,Barueri/SP - Centro Logístico (280),,,,,RESERVADO,806242,2025-09-16,5194184632,2025-01-05,,2025-12-06,Dado simulado para importação inicial (SGA 2.0)
SAP_EXPORT_SIMULADO,MAT-981913,SW-JUNIPER-WD10,SWITCH,Juniper,DE1ZUBLEKVL9,,1,UN,EVOTEC,Evotech,04.123.456/0001-10,FAISTON,33,Base Técnica - Rio,RIO_DE_JANEIRO,BASE_TECNICA,Rio de Janeiro/RJ - Base Técnica,,,,,EM_REVERSA,680822,2024-11-12,5312017904,2024-10-22,182280,2025-12-31,Dado simulado para importação inicial (SGA 2.0)
SAP_EXPORT_SIMULADO,MAT-860427,SV-HPE-WD10,SERVER,Hpe,OSYEOZ906GNH,,1,UN,FAISTON,Stock Faiston (Sem Projeto),,FAISTON,03,Barueri - Estoque Operacional,BARUERI,CD,Barueri/SP - Centro Logístico (280),,,,,RESERVADO,723861,2024-11-16,5131814874,2025-05-10,,2025-08-08,Dado simulado para importação inicial (SGA 2.0)
